director_name,duration,genres,movie_title,title_year,imdb_score
James Cameron,178,Action|Adventure|Fantasy|Sci-Fi,Avatar ,2009,7.9
Gore Verbinski,169,Action|Adventure|Fantasy,Pirates of the Caribbean: At World's End ,2007,7.1
Sam Mendes,148,Action|Adventure|Thriller,Spectre ,2015,6.8
Christopher Nolan,164,Action|Thriller,The Dark Knight Rises ,2012,8.5
Doug Walker,,Documentary,Star Wars: Episode VII - The Force Awakens             ,,7.1
Andrew Stanton,132,Action|Adventure|Sci-Fi,John Carter ,2012,6.6
Sam Raimi,156,Action|Adventure|Romance,Spider-Man 3 ,2007,6.2
Nathan Greno,100,Adventure|Animation|Comedy|Family|Fantasy|Musical|Romance,Tangled ,2010,7.8
Joss Whedon,141,Action|Adventure|Sci-Fi,Avengers: Age of Ultron ,2015,7.5
David Yates,153,Adventure|Family|Fantasy|Mystery,Harry Potter and the Half-Blood Prince ,2009,7.5
Zack Snyder,183,Action|Adventure|Sci-Fi,Batman v Superman: Dawn of Justice ,2016,6.9
Bryan Singer,169,Action|Adventure|Sci-Fi,Superman Returns ,2006,6.1
Marc Forster,106,Action|Adventure,Quantum of Solace ,2008,6.7
Gore Verbinski,151,Action|Adventure|Fantasy,Pirates of the Caribbean: Dead Man's Chest ,2006,7.3
Gore Verbinski,150,Action|Adventure|Western,The Lone Ranger ,2013,6.5
Zack Snyder,143,Action|Adventure|Fantasy|Sci-Fi,Man of Steel ,2013,7.2
Andrew Adamson,150,Action|Adventure|Family|Fantasy,The Chronicles of Narnia: Prince Caspian ,2008,6.6
Joss Whedon,173,Action|Adventure|Sci-Fi,The Avengers ,2012,8.1
Rob Marshall,136,Action|Adventure|Fantasy,Pirates of the Caribbean: On Stranger Tides ,2011,6.7
Barry Sonnenfeld,106,Action|Adventure|Comedy|Family|Fantasy|Sci-Fi,Men in Black 3 ,2012,6.8
Peter Jackson,164,Adventure|Fantasy,The Hobbit: The Battle of the Five Armies ,2014,7.5
Marc Webb,153,Action|Adventure|Fantasy,The Amazing Spider-Man ,2012,7.0
Ridley Scott,156,Action|Adventure|Drama|History,Robin Hood ,2010,6.7
Peter Jackson,186,Adventure|Fantasy,The Hobbit: The Desolation of Smaug ,2013,7.9
Chris Weitz,113,Adventure|Family|Fantasy,The Golden Compass ,2007,6.1
Peter Jackson,201,Action|Adventure|Drama|Romance,King Kong ,2005,7.2
James Cameron,194,Drama|Romance,Titanic ,1997,7.7
Anthony Russo,147,Action|Adventure|Sci-Fi,Captain America: Civil War ,2016,8.2
Peter Berg,131,Action|Adventure|Sci-Fi|Thriller,Battleship ,2012,5.9
Colin Trevorrow,124,Action|Adventure|Sci-Fi|Thriller,Jurassic World ,2015,7.0
Sam Mendes,143,Action|Adventure|Thriller,Skyfall ,2012,7.8
Sam Raimi,135,Action|Adventure|Fantasy|Romance,Spider-Man 2 ,2004,7.3
Shane Black,195,Action|Adventure|Sci-Fi,Iron Man 3 ,2013,7.2
Tim Burton,108,Adventure|Family|Fantasy,Alice in Wonderland ,2010,6.5
Brett Ratner,104,Action|Adventure|Fantasy|Sci-Fi|Thriller,X-Men: The Last Stand ,2006,6.8
Dan Scanlon,104,Adventure|Animation|Comedy|Family|Fantasy,Monsters University ,2013,7.3
Michael Bay,150,Action|Adventure|Sci-Fi,Transformers: Revenge of the Fallen ,2009,6.0
Michael Bay,165,Action|Adventure|Sci-Fi,Transformers: Age of Extinction ,2014,5.7
Sam Raimi,130,Adventure|Family|Fantasy,Oz the Great and Powerful ,2013,6.4
Marc Webb,142,Action|Adventure|Fantasy|Sci-Fi,The Amazing Spider-Man 2 ,2014,6.7
Joseph Kosinski,125,Action|Adventure|Sci-Fi,TRON: Legacy ,2010,6.8
John Lasseter,106,Adventure|Animation|Comedy|Family|Sport,Cars 2 ,2011,6.3
Martin Campbell,123,Action|Adventure|Sci-Fi,Green Lantern ,2011,5.6
Lee Unkrich,103,Adventure|Animation|Comedy|Family|Fantasy,Toy Story 3 ,2010,8.3
McG,118,Action|Adventure|Sci-Fi,Terminator Salvation ,2009,6.6
James Wan,140,Action|Crime|Thriller,Furious 7 ,2015,7.2
Marc Forster,123,Action|Adventure|Horror|Sci-Fi|Thriller,World War Z ,2013,7.0
Bryan Singer,149,Action|Adventure|Fantasy|Sci-Fi|Thriller,X-Men: Days of Future Past ,2014,8.0
J.J. Abrams,132,Action|Adventure|Sci-Fi,Star Trek Into Darkness ,2013,7.8
Bryan Singer,114,Adventure|Fantasy,Jack the Giant Slayer ,2013,6.3
Baz Luhrmann,143,Drama|Romance,The Great Gatsby ,2013,7.3
Mike Newell,116,Action|Adventure|Fantasy|Romance,Prince of Persia: The Sands of Time ,2010,6.6
Guillermo del Toro,131,Action|Adventure|Sci-Fi,Pacific Rim ,2013,7.0
Michael Bay,154,Action|Adventure|Sci-Fi,Transformers: Dark of the Moon ,2011,6.3
Steven Spielberg,122,Action|Adventure|Fantasy,Indiana Jones and the Kingdom of the Crystal Skull ,2008,6.2
Peter Sohn,93,Adventure|Animation|Comedy|Family|Fantasy,The Good Dinosaur ,2015,6.8
Mark Andrews,93,Adventure|Animation|Comedy|Family|Fantasy,Brave ,2012,7.2
Justin Lin,122,Action|Adventure|Sci-Fi|Thriller,Star Trek Beyond ,2016,7.5
Andrew Stanton,98,Adventure|Animation|Family|Sci-Fi,WALL·E ,2008,8.4
Brett Ratner,91,Action|Comedy|Crime|Thriller,Rush Hour 3 ,2007,6.2
Roland Emmerich,158,Action|Adventure|Sci-Fi,2012 ,2009,5.8
Robert Zemeckis,96,Animation|Drama|Family|Fantasy,A Christmas Carol ,2009,6.8
Lana Wachowski,127,Action|Adventure|Sci-Fi,Jupiter Ascending ,2015,5.4
David Yates,110,Action|Adventure|Drama|Romance,The Legend of Tarzan ,2016,6.6
Andrew Adamson,150,Adventure|Family|Fantasy,"The Chronicles of Narnia: The Lion, the Witch and the Wardrobe ",2005,6.9
Bryan Singer,144,Action|Adventure|Sci-Fi,X-Men: Apocalypse ,2016,7.3
Christopher Nolan,152,Action|Crime|Drama|Thriller,The Dark Knight ,2008,9.0
Pete Docter,96,Adventure|Animation|Comedy|Family,Up ,2009,8.3
Rob Letterman,94,Action|Adventure|Animation|Comedy|Family|Sci-Fi,Monsters vs. Aliens ,2009,6.5
Jon Favreau,126,Action|Adventure|Sci-Fi,Iron Man ,2008,7.9
Martin Scorsese,126,Adventure|Drama|Family|Mystery,Hugo ,2011,7.5
Barry Sonnenfeld,106,Action|Comedy|Sci-Fi|Western,Wild Wild West ,1999,4.8
Rob Cohen,112,Action|Adventure|Fantasy|Horror|Thriller,The Mummy: Tomb of the Dragon Emperor ,2008,5.2
David Ayer,123,Action|Adventure|Comedy|Sci-Fi,Suicide Squad ,2016,6.9
Tom Shadyac,96,Comedy|Family|Fantasy,Evan Almighty ,2007,5.4
Doug Liman,113,Action|Adventure|Sci-Fi,Edge of Tomorrow ,2014,7.9
Kevin Reynolds,176,Action|Adventure|Sci-Fi|Thriller,Waterworld ,1995,6.1
Stephen Sommers,118,Action|Adventure|Sci-Fi|Thriller,G.I. Joe: The Rise of Cobra ,2009,5.8
Pete Docter,95,Adventure|Animation|Comedy|Drama|Family|Fantasy,Inside Out ,2015,8.3
Jon Favreau,106,Adventure|Drama|Family|Fantasy,The Jungle Book ,2016,7.8
Jon Favreau,124,Action|Adventure|Sci-Fi,Iron Man 2 ,2010,7.0
Rupert Sanders,132,Action|Adventure|Drama|Fantasy,Snow White and the Huntsman ,2012,6.1
Robert Stromberg,97,Action|Adventure|Family|Fantasy|Romance,Maleficent ,2014,7.0
Matt Reeves,130,Action|Adventure|Drama|Sci-Fi,Dawn of the Planet of the Apes ,2014,7.6
Roland Joffé,109,Action|Adventure|Romance|Sci-Fi,The Lovers ,2015,4.5
Carl Rinsch,128,Action|Adventure|Drama|Fantasy,47 Ronin ,2013,6.3
Anthony Russo,136,Action|Adventure|Sci-Fi,Captain America: The Winter Soldier ,2014,7.8
Mike Mitchell,93,Adventure|Animation|Comedy|Family|Fantasy,Shrek Forever After ,2010,6.4
Brad Bird,130,Action|Adventure|Family|Mystery|Sci-Fi,Tomorrowland ,2015,6.5
Don Hall,102,Action|Adventure|Animation|Comedy|Drama|Family|Sci-Fi,Big Hero 6 ,2014,7.9
Rich Moore,101,Adventure|Animation|Comedy|Family|Sci-Fi,Wreck-It Ralph ,2012,7.8
Robert Zemeckis,100,Adventure|Animation|Family|Fantasy,The Polar Express ,2004,6.6
Roland Emmerich,120,Action|Adventure|Sci-Fi,Independence Day: Resurgence ,2016,5.5
Dean DeBlois,98,Adventure|Animation|Family|Fantasy,How to Train Your Dragon ,2010,8.2
Jonathan Mostow,109,Action|Sci-Fi,Terminator 3: Rise of the Machines ,2003,6.4
James Gunn,121,Action|Adventure|Sci-Fi,Guardians of the Galaxy ,2014,8.1
Christopher Nolan,169,Adventure|Drama|Sci-Fi,Interstellar ,2014,8.6
Christopher Nolan,148,Action|Adventure|Sci-Fi|Thriller,Inception ,2010,8.8
Hideaki Anno,120,Action|Adventure|Drama|Horror|Sci-Fi,Godzilla Resurgence ,2016,8.2
Peter Jackson,182,Adventure|Fantasy,The Hobbit: An Unexpected Journey ,2012,7.9
Rob Cohen,106,Action|Crime|Thriller,The Fast and the Furious ,2001,6.7
David Fincher,166,Drama|Fantasy|Romance,The Curious Case of Benjamin Button ,2008,7.8
Matthew Vaughn,132,Action|Adventure|Sci-Fi,X-Men: First Class ,2011,7.8
Francis Lawrence,137,Adventure|Sci-Fi,The Hunger Games: Mockingjay - Part 2 ,2015,6.6
Jon Turteltaub,109,Action|Adventure|Family|Fantasy,The Sorcerer's Apprentice ,2010,6.1
Wolfgang Petersen,98,Action|Adventure|Drama|Thriller,Poseidon ,2006,5.6
James Bobin,113,Adventure|Family|Fantasy,Alice Through the Looking Glass ,2016,6.4
Chris Miller,93,Adventure|Animation|Comedy|Family|Fantasy,Shrek the Third ,2007,6.1
Duncan Jones,123,Action|Adventure|Fantasy,Warcraft ,2016,7.3
Alan Taylor,126,Action|Adventure|Sci-Fi,Terminator Genisys ,2015,6.6
Michael Apted,113,Adventure|Family|Fantasy,The Chronicles of Narnia: The Voyage of the Dawn Treader ,2010,6.3
Michael Bay,184,Action|Drama|History|Romance|War,Pearl Harbor ,2001,6.1
Michael Bay,144,Action|Adventure|Sci-Fi,Transformers ,2007,7.1
Oliver Stone,206,Action|Adventure|Biography|Drama|History|Romance|War,Alexander ,2004,5.5
David Yates,138,Adventure|Family|Fantasy|Mystery,Harry Potter and the Order of the Phoenix ,2007,7.5
Mike Newell,157,Adventure|Family|Fantasy|Mystery,Harry Potter and the Goblet of Fire ,2005,7.6
Peter Berg,102,Action|Drama,Hancock ,2008,6.4
Francis Lawrence,104,Drama|Horror|Sci-Fi,I Am Legend ,2007,7.2
Tim Burton,115,Adventure|Comedy|Family|Fantasy,Charlie and the Chocolate Factory ,2005,6.7
Brad Bird,111,Animation|Comedy|Family|Fantasy,Ratatouille ,2007,8.0
Christopher Nolan,128,Action|Adventure,Batman Begins ,2005,8.3
Eric Darnell,89,Action|Adventure|Animation|Comedy|Family,Madagascar: Escape 2 Africa ,2008,6.7
Shawn Levy,105,Adventure|Comedy|Family|Fantasy,Night at the Museum: Battle of the Smithsonian ,2009,5.9
Gavin Hood,119,Action|Adventure|Fantasy|Sci-Fi|Thriller,X-Men Origins: Wolverine ,2009,6.7
Lana Wachowski,129,Action|Sci-Fi,The Matrix Revolutions ,2003,6.7
Chris Buck,102,Adventure|Animation|Comedy|Family|Fantasy|Musical,Frozen ,2013,7.6
Lana Wachowski,138,Action|Sci-Fi,The Matrix Reloaded ,2003,7.2
Alan Taylor,112,Action|Adventure|Fantasy,Thor: The Dark World ,2013,7.1
George Miller,120,Action|Adventure|Sci-Fi|Thriller,Mad Max: Fury Road ,2015,8.1
Ron Howard,146,Mystery|Thriller,Angels & Demons ,2009,6.7
Kenneth Branagh,115,Action|Adventure|Fantasy,Thor ,2011,7.0
Byron Howard,96,Adventure|Animation|Comedy|Drama|Family,Bolt ,2008,6.9
Hoyt Yeatman,88,Action|Adventure|Animation|Comedy|Family|Fantasy|Sci-Fi,G-Force ,2009,5.1
Jonathan Liebesman,99,Action|Adventure|Fantasy,Wrath of the Titans ,2012,5.8
Tim Burton,113,Comedy|Fantasy|Horror,Dark Shadows ,2012,6.2
Christopher McQuarrie,131,Action|Adventure|Thriller,Mission: Impossible - Rogue Nation ,2015,7.4
Joe Johnston,119,Drama|Fantasy|Horror|Thriller,The Wolfman ,2010,5.8
David Yates,110,Action|Adventure|Drama|Romance,The Legend of Tarzan ,2016,6.6
Steve Hickner,91,Adventure|Animation|Comedy|Family,Bee Movie ,2007,6.2
Jennifer Yuh Nelson,90,Action|Adventure|Animation|Comedy|Family,Kung Fu Panda 2 ,2011,7.3
M. Night Shyamalan,103,Action|Adventure|Family|Fantasy,The Last Airbender ,2010,4.2
J.J. Abrams,124,Action|Adventure|Thriller,Mission: Impossible III ,2006,6.9
Roland Emmerich,131,Action|Drama|Thriller,White House Down ,2013,6.4
Simon Wells,88,Action|Adventure|Animation|Comedy|Family|Sci-Fi,Mars Needs Moms ,2011,5.4
David Bowers,85,Adventure|Animation|Comedy|Family,Flushed Away ,2006,6.7
Joe Wright,111,Adventure|Family|Fantasy,Pan ,2015,5.8
Rob Minkoff,92,Adventure|Animation|Comedy|Family|Sci-Fi,Mr. Peabody & Sherman ,2014,6.9
Wolfgang Petersen,196,Adventure,Troy ,2004,7.2
Eric Darnell,93,Adventure|Animation|Comedy|Family,Madagascar 3: Europe's Most Wanted ,2012,6.9
Lee Tamahori,133,Action|Adventure|Thriller,Die Another Day ,2002,6.1
Paul Feig,116,Action|Comedy|Fantasy|Sci-Fi,Ghostbusters ,2016,5.5
Michael Bay,153,Action|Adventure|Sci-Fi|Thriller,Armageddon ,1998,6.6
Barry Sonnenfeld,88,Action|Adventure|Comedy|Family|Fantasy|Mystery|Sci-Fi,Men in Black II ,2002,6.1
Robert Zemeckis,115,Action|Adventure|Animation|Fantasy,Beowulf ,2007,6.3
Alessandro Carloni,95,Action|Adventure|Animation|Comedy|Family,Kung Fu Panda 3 ,2016,7.2
Brad Bird,133,Action|Adventure|Thriller,Mission: Impossible - Ghost Protocol ,2011,7.4
Peter Ramsey,97,Adventure|Animation|Family|Fantasy,Rise of the Guardians ,2012,7.3
Dean Parisot,90,Comedy|Crime,Fun with Dick and Jane ,2005,6.1
Edward Zwick,154,Action|Drama|History|War,The Last Samurai ,2003,7.7
Ridley Scott,150,Action|Adventure|Drama,Exodus: Gods and Kings ,2014,6.1
J.J. Abrams,127,Action|Adventure|Sci-Fi,Star Trek ,2009,8.0
Sam Raimi,121,Action|Adventure|Fantasy|Romance,Spider-Man ,2002,7.3
Dean DeBlois,102,Action|Adventure|Animation|Comedy|Family|Fantasy,How to Train Your Dragon 2 ,2014,7.9
Alex Proyas,126,Action|Adventure|Fantasy,Gods of Egypt ,2016,5.5
Rob Cohen,121,Action|Adventure|Sci-Fi|Thriller,Stealth ,2005,5.0
Zack Snyder,215,Action|Drama|Mystery|Sci-Fi,Watchmen ,2009,7.7
Richard Donner,127,Action|Crime|Thriller,Lethal Weapon 4 ,1998,6.6
Ang Lee,138,Action|Sci-Fi,Hulk ,2003,5.7
Jon M. Chu,122,Action|Adventure|Sci-Fi|Thriller,G.I. Joe: Retaliation ,2013,5.8
Breck Eisner,124,Action|Adventure|Comedy|Thriller,Sahara ,2005,6.0
Hironobu Sakaguchi,106,Action|Adventure|Animation|Fantasy|Romance|Sci-Fi,Final Fantasy: The Spirits Within ,2001,6.4
Joe Johnston,124,Action|Adventure|Sci-Fi,Captain America: The First Avenger ,2011,6.9
Michael Apted,128,Action|Adventure|Thriller,The World Is Not Enough ,1999,6.4
Peter Weir,138,Action|Adventure|Drama|History|War,Master and Commander: The Far Side of the World ,2003,7.4
Bill Condon,115,Adventure|Drama|Fantasy|Romance,The Twilight Saga: Breaking Dawn - Part 2 ,2012,5.5
George Miller,100,Animation|Comedy|Family|Musical,Happy Feet 2 ,2011,5.9
Louis Leterrier,135,Action|Adventure|Sci-Fi,The Incredible Hulk ,2008,6.8
,60,Action|Crime|Drama|Mystery|Thriller,Miami Vice             ,,7.5
Steven Spielberg,117,Adventure|Family|Fantasy,The BFG ,2016,6.8
Alejandro G. Iñárritu,156,Adventure|Drama|Thriller|Western,The Revenant ,2015,8.1
David Soren,96,Adventure|Animation|Comedy|Family|Sport,Turbo ,2013,6.5
Gore Verbinski,107,Adventure|Animation|Comedy|Family|Western,Rango ,2011,7.2
Eric Darnell,92,Adventure|Animation|Comedy|Family,Penguins of Madagascar ,2014,6.7
Paul Greengrass,115,Action|Mystery|Thriller,The Bourne Ultimatum ,2007,8.1
Mark Osborne,92,Action|Adventure|Animation|Comedy|Family,Kung Fu Panda ,2008,7.6
Peyton Reed,117,Action|Adventure|Comedy|Sci-Fi,Ant-Man ,2015,7.4
Francis Lawrence,146,Adventure|Sci-Fi|Thriller,The Hunger Games: Catching Fire ,2013,7.6
Bill Condon,115,Adventure|Drama|Fantasy|Romance,The Twilight Saga: Breaking Dawn - Part 2 ,2012,5.5
Tim Johnson,94,Adventure|Animation|Comedy|Family|Fantasy|Sci-Fi,Home ,2015,6.7
Steven Spielberg,116,Adventure|Sci-Fi|Thriller,War of the Worlds ,2005,6.5
Michael Bay,147,Action|Comedy|Crime|Thriller,Bad Boys II ,2003,6.6
Chris Miller,90,Action|Adventure|Animation|Comedy|Family|Fantasy,Puss in Boots ,2011,6.7
Phillip Noyce,101,Action|Crime|Mystery|Thriller,Salt ,2010,6.4
Darren Aronofsky,138,Action|Adventure|Drama,Noah ,2014,5.8
Steven Spielberg,107,Action|Adventure|Family|Mystery,The Adventures of Tintin ,2011,7.4
Alfonso Cuarón,142,Adventure|Family|Fantasy|Mystery,Harry Potter and the Prisoner of Azkaban ,2004,7.8
Baz Luhrmann,165,Adventure|Drama|Romance|War,Australia ,2008,6.6
M. Night Shyamalan,100,Action|Adventure|Sci-Fi,After Earth ,2013,4.9
Eric Leighton,82,Adventure|Animation|Family|Thriller,Dinosaur ,2000,6.5
Matt Birch,,Action|Fantasy,Harry Potter and the Deathly Hallows: Part II ,2011,7.5
Shawn Levy,98,Adventure|Comedy|Family|Fantasy,Night at the Museum: Secret of the Tomb ,2014,6.2
Tom McGrath,95,Action|Animation|Comedy|Family|Sci-Fi,Megamind ,2010,7.3
Chris Columbus,159,Adventure|Family|Fantasy,Harry Potter and the Sorcerer's Stone ,2001,7.5
Robert Schwentke,96,Action|Comedy|Fantasy,R.I.P.D. ,2013,5.6
Hideaki Anno,120,Action|Adventure|Drama|Horror|Sci-Fi,Godzilla Resurgence ,2016,8.2
Gore Verbinski,143,Action|Adventure|Fantasy,Pirates of the Caribbean: The Curse of the Black Pearl ,2003,8.1
Matt Birch,,Fantasy,Harry Potter and the Deathly Hallows: Part I ,2010,6.4
Francis Lawrence,123,Adventure|Sci-Fi|Thriller,The Hunger Games: Mockingjay - Part 1 ,2014,6.7
Ron Howard,174,Mystery|Thriller,The Da Vinci Code ,2006,6.6
Carlos Saldanha,101,Adventure|Animation|Comedy|Family|Musical,Rio 2 ,2014,6.4
Bryan Singer,134,Action|Adventure|Fantasy|Sci-Fi|Thriller,X-Men 2 ,2003,7.5
Justin Lin,132,Action|Crime|Thriller,Fast Five ,2011,7.3
Guy Ritchie,129,Action|Adventure|Crime|Mystery|Thriller,Sherlock Holmes: A Game of Shadows ,2011,7.5
Louis Leterrier,106,Action|Adventure|Fantasy,Clash of the Titans ,2010,5.8
Paul Verhoeven,113,Action|Sci-Fi,Total Recall ,1990,7.5
John McTiernan,102,Action|Adventure|History,The 13th Warrior ,1999,6.6
Tony Gilroy,135,Action|Adventure|Thriller,The Bourne Legacy ,2012,6.7
Joel Schumacher,125,Action,Batman & Robin ,1997,3.7
Ron Howard,110,Comedy|Family|Fantasy,How the Grinch Stole Christmas ,2000,6.0
Roland Emmerich,124,Action|Adventure|Sci-Fi|Thriller,The Day After Tomorrow ,2004,6.4
John Woo,123,Action|Adventure|Thriller,Mission: Impossible II ,2000,6.1
Wolfgang Petersen,130,Action|Adventure|Drama|Thriller,The Perfect Storm ,2000,6.4
Tim Story,92,Action|Adventure|Sci-Fi|Thriller,Fantastic 4: Rise of the Silver Surfer ,2007,5.6
Ang Lee,127,Adventure|Drama|Fantasy,Life of Pi ,2012,8.0
Mark Steven Johnson,123,Action|Fantasy|Thriller,Ghost Rider ,2007,5.2
Paul Greengrass,123,Action|Thriller,Jason Bourne ,2016,7.1
McG,107,Action|Adventure|Comedy|Crime,Charlie's Angels: Full Throttle ,2003,4.8
Ridley Scott,124,Adventure|Mystery|Sci-Fi,Prometheus ,2012,7.0
Rob Minkoff,77,Adventure|Animation|Comedy|Family|Fantasy,Stuart Little 2 ,2002,5.4
Neill Blomkamp,109,Action|Drama|Sci-Fi|Thriller,Elysium ,2013,6.6
David Twohy,134,Action|Adventure|Sci-Fi|Thriller,The Chronicles of Riddick ,2004,6.7
José Padilha,117,Action|Crime|Sci-Fi|Thriller,RoboCop ,2014,6.2
Lana Wachowski,135,Action|Family|Sport,Speed Racer ,2008,6.1
James L. Brooks,121,Comedy|Drama|Romance,How Do You Know ,2010,5.3
James Mangold,117,Action|Comedy|Romance,Knight and Day ,2010,6.3
Joseph Kosinski,124,Action|Adventure|Mystery|Sci-Fi,Oblivion ,2013,7.0
George Lucas,140,Action|Adventure|Fantasy|Sci-Fi,Star Wars: Episode III - Revenge of the Sith ,2005,7.6
George Lucas,142,Action|Adventure|Fantasy|Sci-Fi,Star Wars: Episode II - Attack of the Clones ,2002,6.7
Pete Docter,92,Adventure|Animation|Comedy|Family|Fantasy,"Monsters, Inc. ",2001,8.1
James Mangold,138,Action|Adventure|Sci-Fi|Thriller,The Wolverine ,2013,6.7
George Lucas,136,Action|Adventure|Fantasy|Sci-Fi,Star Wars: Episode I - The Phantom Menace ,1999,6.5
Kirk De Micco,98,Adventure|Animation|Comedy|Family|Fantasy,The Croods ,2013,7.3
Frédéric Forestier,116,Adventure|Comedy|Family|Fantasy,Asterix at the Olympic Games ,2008,5.1
John Woo,153,Action|Drama|War,Windtalkers ,2002,6.0
Cedric Nicolas-Troyan,120,Action|Adventure|Drama|Fantasy,The Huntsman: Winter's War ,2016,6.1
Jonathan Liebesman,101,Action|Adventure|Comedy|Sci-Fi,Teenage Mutant Ninja Turtles ,2014,5.9
Alfonso Cuarón,91,Adventure|Drama|Sci-Fi|Thriller,Gravity ,2013,7.8
Roger Donaldson,108,Action|Adventure|Thriller,Dante's Peak ,1997,5.8
Dave Green,112,Action|Adventure|Comedy|Sci-Fi,Teenage Mutant Ninja Turtles: Out of the Shadows ,2016,6.3
Josh Trank,100,Action|Adventure|Sci-Fi,Fantastic Four ,2015,4.3
Shawn Levy,108,Action|Adventure|Comedy|Family|Fantasy,Night at the Museum ,2006,6.4
Brad Peyton,114,Action|Adventure|Drama|Thriller,San Andreas ,2015,6.1
Roger Spottiswoode,119,Action|Adventure|Thriller,Tomorrow Never Dies ,1997,6.5
Roland Emmerich,142,Action|Drama|History|War,The Patriot ,2000,7.1
Steven Soderbergh,125,Crime|Thriller,Ocean's Twelve ,2004,6.4
Doug Liman,126,Action|Comedy|Crime|Romance|Thriller,Mr. & Mrs. Smith ,2005,6.5
Robert Schwentke,119,Adventure|Sci-Fi|Thriller,Insurgent ,2015,6.3
Martin Scorsese,170,Biography|Drama,The Aviator ,2004,7.5
Rob Letterman,85,Adventure|Comedy|Family|Fantasy,Gulliver's Travels ,2010,4.9
Michel Gondry,119,Action|Comedy|Crime|Sci-Fi|Thriller,The Green Hornet ,2011,5.8
,60,Action|Adventure|Crime,The A-Team             ,,7.6
Noam Murro,102,Action|Drama|Fantasy|War,300: Rise of an Empire ,2014,6.2
Raja Gosnell,103,Adventure|Animation|Comedy|Family|Fantasy,The Smurfs ,2011,5.5
Will Finn,76,Animation|Comedy|Family|Music|Western,Home on the Range ,2004,5.4
Robert Schwentke,120,Action|Adventure|Mystery|Sci-Fi|Thriller,Allegiant ,2016,5.8
Shawn Levy,127,Action|Drama|Sci-Fi|Sport,Real Steel ,2011,7.1
Raja Gosnell,105,Adventure|Animation|Comedy|Family|Fantasy,The Smurfs 2 ,2013,5.4
Jan de Bont,121,Action|Crime|Romance|Thriller,Speed 2: Cruise Control ,1997,3.7
Gavin Hood,114,Action|Sci-Fi,Ender's Game ,2013,6.7
Len Wiseman,129,Action|Adventure|Thriller,Live Free or Die Hard ,2007,7.2
Peter Jackson,171,Action|Adventure|Drama|Fantasy,The Lord of the Rings: The Fellowship of the Ring ,2001,8.8
Frank Coraci,120,Action|Adventure|Comedy,Around the World in 80 Days ,2004,5.8
Michael Mann,165,Biography|Drama|Sport,Ali ,2001,6.8
Bo Welch,82,Adventure|Comedy|Family|Fantasy,The Cat in the Hat ,2003,3.8
Alex Proyas,115,Action|Mystery|Sci-Fi|Thriller,"I, Robot ",2004,7.1
Ridley Scott,194,Action|Adventure|Drama|History|War,Kingdom of Heaven ,2005,7.2
Rob Minkoff,84,Adventure|Comedy|Family|Fantasy,Stuart Little ,1999,5.9
Ron Clements,97,Animation|Family|Fantasy|Musical|Romance,The Princess and the Frog ,2009,7.1
Ridley Scott,151,Adventure|Drama|Sci-Fi,The Martian ,2015,8.1
Christopher Barnard,22,Comedy,"10,000 B.C.             ",,7.2
Michael Bay,136,Action|Adventure|Romance|Sci-Fi|Thriller,The Island ,2005,6.9
Peter Chelsom,104,Comedy|Romance,Town & Country ,2001,4.4
Dominic Sena,127,Action|Crime|Thriller,Gone in Sixty Seconds ,2000,6.5
Ridley Scott,171,Action|Drama|Romance,Gladiator ,2000,8.5
Steven Spielberg,145,Action|Mystery|Sci-Fi|Thriller,Minority Report ,2002,7.7
Chris Columbus,174,Adventure|Family|Fantasy|Mystery,Harry Potter and the Chamber of Secrets ,2002,7.4
Martin Campbell,144,Action|Adventure|Thriller,Casino Royale ,2006,8.0
Tim Burton,119,Action|Adventure|Sci-Fi|Thriller,Planet of the Apes ,2001,5.7
James Cameron,153,Action|Sci-Fi,Terminator 2: Judgment Day ,1991,8.5
Michael Mann,140,Biography|Crime|Drama|History|Romance,Public Enemies ,2009,7.0
Ridley Scott,176,Biography|Crime|Drama,American Gangster ,2007,7.8
James Cameron,141,Action|Comedy|Thriller,True Lies ,1994,7.2
Tony Scott,106,Action|Crime|Thriller,The Taking of Pelham 1 2 3 ,2009,6.4
Paul Weitz,98,Comedy|Romance,Little Fockers ,2010,5.5
Adam McKay,116,Action|Comedy|Crime,The Other Guys ,2010,6.7
Chuck Russell,115,Action|Drama|Mystery|Thriller,Eraser ,1996,6.1
Quentin Tarantino,165,Drama|Western,Django Unchained ,2012,8.5
Gary Trousdale,91,Animation|Drama|Family|Musical|Romance,The Hunchback of Notre Dame ,1996,6.9
Mark Dindal,78,Adventure|Animation|Comedy|Family|Fantasy,The Emperor's New Groove ,2000,7.3
Simon West,103,Action|Adventure|Thriller,The Expendables 2 ,2012,6.7
Jon Turteltaub,131,Action|Adventure|Comedy|Family|Mystery,National Treasure ,2004,6.9
Stefen Fangmeier,104,Action|Adventure|Family|Fantasy,Eragon ,2006,5.1
Spike Jonze,101,Adventure|Drama|Family|Fantasy,Where the Wild Things Are ,2009,6.8
Joe Wright,111,Adventure|Family|Fantasy,Pan ,2015,5.8
Chris Wedge,102,Adventure|Animation|Family|Fantasy,Epic ,2013,6.7
Florian Henckel von Donnersmarck,103,Action|Romance|Thriller,The Tourist ,2010,6.0
Peter Hyams,121,Action|Fantasy|Horror|Mystery,End of Days ,1999,5.7
Edward Zwick,143,Adventure|Drama|Thriller,Blood Diamond ,2006,8.0
Martin Scorsese,240,Biography|Comedy|Crime|Drama,The Wolf of Wall Street ,2013,8.2
Joel Schumacher,121,Action|Adventure|Fantasy,Batman Forever ,1995,5.4
Paul Verhoeven,129,Action|Sci-Fi|War,Starship Troopers ,1997,7.2
Tom Tykwer,172,Drama|Sci-Fi,Cloud Atlas ,2012,7.5
Zack Snyder,101,Action|Adventure|Animation|Family|Fantasy,Legend of the Guardians: The Owls of Ga'Hoole ,2010,7.0
Pitof,87,Action|Crime|Fantasy|Romance|Thriller,Catwoman ,2004,3.3
Brett Ratner,101,Action|Adventure,Hercules ,2014,6.0
Ron Clements,95,Adventure|Animation|Family|Sci-Fi,Treasure Planet ,2002,7.1
Brad Silberling,102,Adventure|Comedy|Sci-Fi,Land of the Lost ,2009,5.4
Patrick Hughes,131,Action|Adventure|Thriller,The Expendables 3 ,2014,6.1
Ericson Core,114,Action|Crime|Sport|Thriller,Point Break ,2015,5.3
Lawrence Guterman,94,Comedy|Family|Fantasy,Son of the Mask ,2005,2.2
Ron Howard,122,Action|Adventure|Biography|Drama|History|Thriller,In the Heart of the Sea ,2015,7.0
Ron Underwood,95,Action|Comedy|Sci-Fi,The Adventures of Pluto Nash ,2002,3.8
Paul Greengrass,115,Action|Drama|Thriller|War,Green Zone ,2010,6.9
Steve Martino,88,Adventure|Animation|Comedy|Family,The Peanuts Movie ,2015,7.2
David Mamet,110,Drama|Mystery|Thriller,The Spanish Prisoner ,1997,7.3
Stephen Sommers,130,Action|Adventure|Fantasy|Thriller,The Mummy Returns ,2001,6.3
Martin Scorsese,216,Crime|Drama,Gangs of New York ,2002,7.5
Yimou Zhang,146,Drama|History|Romance|War,The Flowers of War ,2011,7.6
Ash Brannon,85,Animation|Comedy|Family|Sport,Surf's Up ,2007,6.8
Frank Oz,93,Comedy|Sci-Fi|Thriller,The Stepford Wives ,2004,5.2
Ridley Scott,152,Drama|History|War,Black Hawk Down ,2001,7.7
Jay Roach,85,Comedy,The Campaign ,2012,6.2
Luc Besson,126,Action|Adventure|Sci-Fi,The Fifth Element ,1997,7.7
Michael Patrick King,146,Comedy|Drama|Romance,Sex and the City 2 ,2010,4.3
Bibo Bergeron,89,Adventure|Animation|Comedy|Family|Romance,The Road to El Dorado ,2000,6.9
Steve Martino,88,Adventure|Animation|Comedy|Family,Ice Age: Continental Drift ,2012,6.6
Kenneth Branagh,105,Drama|Family|Fantasy|Romance,Cinderella ,2015,7.0
Peter Jackson,135,Drama|Fantasy|Thriller,The Lovely Bones ,2009,6.7
Andrew Stanton,100,Adventure|Animation|Comedy|Family,Finding Nemo ,2003,8.2
Peter Jackson,192,Action|Adventure|Drama|Fantasy,The Lord of the Rings: The Return of the King ,2003,8.9
Peter Jackson,172,Action|Adventure|Drama|Fantasy,The Lord of the Rings: The Two Towers ,2002,8.7
Sergey Bodrov,102,Action|Adventure|Fantasy,Seventh Son ,2014,5.5
Simon West,100,Action|Adventure|Fantasy|Thriller,Lara Croft: Tomb Raider ,2001,5.7
Wally Pfister,119,Drama|Mystery|Romance|Sci-Fi|Thriller,Transcendence ,2014,6.3
Joe Johnston,92,Action|Adventure|Sci-Fi|Thriller,Jurassic Park III ,2001,5.9
Rupert Wyatt,105,Action|Drama|Sci-Fi|Thriller,Rise of the Planet of the Apes ,2011,7.6
Mark Waters,107,Adventure|Family|Fantasy,The Spiderwick Chronicles ,2008,6.6
John Moore,101,Action|Thriller,A Good Day to Die Hard ,2013,5.3
John Lee Hancock,137,Drama|History|War|Western,The Alamo ,2004,6.0
Brad Bird,115,Action|Adventure|Animation|Family,The Incredibles ,2004,8.0
Renny Harlin,124,Action|Adventure|Comedy,Cutthroat Island ,1995,5.6
Chris Columbus,118,Adventure|Family|Fantasy,Percy Jackson & the Olympians: The Lightning Thief ,2010,5.9
Barry Sonnenfeld,98,Adventure|Comedy|Family|Mystery|Sci-Fi,Men in Black ,1997,7.3
John Lasseter,82,Adventure|Animation|Comedy|Family|Fantasy,Toy Story 2 ,1999,7.9
Tony Scott,98,Action|Thriller,Unstoppable ,2010,6.8
Brett Ratner,90,Action|Comedy|Crime|Thriller,Rush Hour 2 ,2001,6.6
Robert Zemeckis,130,Drama|Fantasy|Horror|Mystery|Thriller,What Lies Beneath ,2000,6.6
Phil Lord,90,Animation|Comedy|Family|Sci-Fi,Cloudy with a Chance of Meatballs ,2009,7.0
Carlos Saldanha,94,Action|Adventure|Animation|Comedy|Family,Ice Age: Dawn of the Dinosaurs ,2009,7.0
Ben Stiller,114,Adventure|Comedy|Drama|Fantasy|Romance,The Secret Life of Walter Mitty ,2013,7.3
McG,94,Action|Adventure|Comedy|Crime|Thriller,Charlie's Angels ,2000,5.5
Martin Scorsese,151,Crime|Drama|Thriller,The Departed ,2006,8.5
Tony Bancroft,88,Adventure|Animation|Family|Fantasy|Musical|War,Mulan ,1998,7.5
Ben Stiller,121,Action|Comedy,Tropic Thunder ,2008,7.0
David Fincher,158,Crime|Drama|Mystery|Thriller,The Girl with the Dragon Tattoo ,2011,7.8
John McTiernan,128,Action|Adventure|Thriller,Die Hard with a Vengeance ,1995,7.6
Guy Ritchie,128,Action|Adventure|Crime|Mystery|Thriller,Sherlock Holmes ,2009,7.6
Timur Bekmambetov,141,Adventure|Drama|History,Ben-Hur ,2016,6.1
Gary Trousdale,95,Action|Adventure|Animation|Family|Fantasy|Sci-Fi,Atlantis: The Lost Empire ,2001,6.8
Walt Becker,92,Adventure|Animation|Comedy|Family|Fantasy|Music,Alvin and the Chipmunks: The Road Chip ,2015,5.0
Bryan Singer,121,Drama|History|Thriller|War,Valkyrie ,2008,7.1
Dennis Dugan,113,Action|Comedy,You Don't Mess with the Zohan ,2008,5.5
Chris Columbus,106,Action|Animation|Comedy|Sci-Fi,Pixels ,2015,5.6
Steven Spielberg,146,Adventure|Drama|Sci-Fi,A.I. Artificial Intelligence ,2001,7.1
Rob Minkoff,88,Comedy|Family|Fantasy|Horror|Mystery,The Haunted Mansion ,2003,4.9
Robert Zemeckis,150,Drama|Mystery|Sci-Fi|Thriller,Contact ,1997,7.4
Paul Verhoeven,119,Action|Horror|Sci-Fi|Thriller,Hollow Man ,2000,5.7
Sydney Pollack,128,Crime|Mystery|Thriller,The Interpreter ,2005,6.4
Thor Freudenthal,106,Adventure|Family|Fantasy,Percy Jackson: Sea of Monsters ,2013,5.9
Jan de Bont,117,Action|Adventure|Fantasy,Lara Croft Tomb Raider: The Cradle of Life ,2003,5.5
Jon M. Chu,129,Action|Adventure|Comedy|Crime|Mystery|Thriller,Now You See Me 2 ,2016,6.9
Phillip Noyce,116,Action|Adventure|Romance|Sci-Fi|Thriller,The Saint ,1997,6.2
Tony Scott,114,Action|Crime|Thriller,Spy Game ,2001,7.0
Brian De Palma,114,Adventure|Sci-Fi|Thriller,Mission to Mars ,2000,5.6
Carlos Saldanha,96,Adventure|Animation|Comedy|Family|Musical,Rio ,2011,7.0
Chris Columbus,132,Comedy|Drama|Sci-Fi,Bicentennial Man ,1999,6.8
Mick Jackson,104,Action|Drama|Sci-Fi|Thriller,Volcano ,1997,5.4
Alan J. Pakula,111,Action|Crime|Drama|Thriller,The Devil's Own ,1997,6.1
Kathryn Bigelow,138,Drama|History|Thriller|War,K-19: The Widowmaker ,2002,6.7
Josh Trank,100,Action|Adventure|Sci-Fi,Fantastic Four ,2015,4.3
John Milius,129,Adventure|Fantasy,Conan the Barbarian ,1982,6.9
Ron Howard,144,Biography|Drama|Sport,Cinderella Man ,2005,8.0
Andrey Konchalovskiy,110,Action|Family|Fantasy|Musical,The Nutcracker in 3D ,2010,4.4
Gary Ross,140,Drama|History|Sport,Seabiscuit ,2003,7.3
Jan de Bont,113,Action|Adventure|Drama|Thriller,Twister ,1996,6.3
Rob Cohen,106,Action|Crime|Thriller,The Fast and the Furious ,2001,6.7
Robert Zemeckis,143,Adventure|Drama|Romance,Cast Away ,2000,7.7
George Miller,108,Animation|Comedy|Family|Music|Romance,Happy Feet ,2006,6.5
Paul Greengrass,108,Action|Mystery|Thriller,The Bourne Supremacy ,2004,7.8
Wolfgang Petersen,124,Action|Adventure|Drama|Thriller,Air Force One ,1997,6.4
Steven Soderbergh,116,Crime|Thriller,Ocean's Eleven ,2001,7.8
Paul W.S. Anderson,110,Action|Adventure|Romance,The Three Musketeers ,2011,5.8
Genndy Tartakovsky,91,Animation|Comedy|Family|Fantasy,Hotel Transylvania ,2012,7.1
Kevin Lima,107,Animation|Comedy|Family|Fantasy|Musical|Romance,Enchanted ,2007,7.1
,44,Crime|Drama|Horror|Mystery|Thriller,Hannibal             ,,8.6
Daniel Espinosa,115,Action|Crime|Mystery|Thriller,Safe House ,2012,6.8
Kevin Lima,100,Adventure|Comedy|Family,102 Dalmatians ,2000,4.8
Brett Ratner,104,Action|Comedy|Crime,Tower Heist ,2011,6.2
Nancy Meyers,138,Comedy|Romance,The Holiday ,2006,6.9
Tony Scott,140,Action|Crime|Drama|Mystery|Thriller,Enemy of the State ,1998,7.3
Nancy Meyers,120,Comedy|Drama|Romance,It's Complicated ,2009,6.6
Steven Soderbergh,122,Crime|Thriller,Ocean's Thirteen ,2007,6.9
Roger Allers,83,Adventure|Animation|Comedy|Family,Open Season ,2006,6.2
Neil Burger,139,Adventure|Mystery|Sci-Fi,Divergent ,2014,6.7
Jean-Jacques Annaud,131,Drama|History|War,Enemy at the Gates ,2001,7.6
Peter Berg,104,Action|Adventure|Comedy|Thriller,The Rundown ,2003,6.7
John McTiernan,130,Action|Adventure|Comedy|Fantasy,Last Action Hero ,1993,6.2
Rob Marshall,145,Drama|Romance,Memoirs of a Geisha ,2005,7.3
Justin Lin,104,Action|Crime|Thriller,The Fast and the Furious: Tokyo Drift ,2006,6.0
Sarah Smith,97,Adventure|Animation|Comedy|Family|Fantasy,Arthur Christmas ,2011,7.1
Martin Brest,178,Drama|Fantasy|Romance,Meet Joe Black ,1998,7.1
Andrew Davis,108,Action|Drama|Thriller,Collateral Damage ,2002,5.5
Bob Fosse,123,Comedy|Drama|Music|Musical,All That Jazz ,1979,7.8
Tarsem Singh,106,Adventure|Comedy|Drama|Family|Fantasy,Mirror Mirror ,2012,5.6
Edgar Wright,112,Action|Comedy|Fantasy|Romance,Scott Pilgrim vs. the World ,2010,7.5
Jon Amiel,135,Action|Adventure|Sci-Fi|Thriller,The Core ,2003,5.4
Peter Segal,109,Comedy|Romance|Sci-Fi,Nutty Professor II: The Klumps ,2000,4.3
Raja Gosnell,86,Adventure|Comedy|Mystery,Scooby-Doo ,2002,4.9
Pete Travis,95,Action|Sci-Fi,Dredd ,2012,7.1
Frank Coraci,107,Comedy|Drama|Fantasy|Romance,Click ,2006,6.4
George A. Romero,130,Comedy|Fantasy|Horror,Creepshow ,1982,6.9
Brad Peyton,82,Action|Comedy|Family|Fantasy,Cats & Dogs: The Revenge of Kitty Galore ,2010,4.3
Doug Liman,88,Action|Adventure|Sci-Fi|Thriller,Jumper ,2008,6.1
Guillermo del Toro,120,Action|Adventure|Fantasy|Horror|Sci-Fi,Hellboy II: The Golden Army ,2008,7.0
David Fincher,162,Crime|Drama|History|Mystery|Thriller,Zodiac ,2007,7.7
Roger Spottiswoode,123,Action|Mystery|Sci-Fi|Thriller,The 6th Day ,2000,5.9
Tom Shadyac,101,Comedy|Drama,Bruce Almighty ,2003,6.7
Sylvester Stallone,113,Action|Adventure|Thriller,The Expendables ,2010,6.5
Brian De Palma,110,Action|Adventure|Thriller,Mission: Impossible ,1996,7.1
Gary Ross,142,Adventure|Drama|Sci-Fi|Thriller,The Hunger Games ,2012,7.3
Todd Phillips,102,Comedy,The Hangover Part II ,2011,6.5
Tim Burton,126,Action,Batman Returns ,1992,7.0
Tim Johnson,83,Adventure|Animation|Comedy|Family,Over the Hedge ,2006,6.8
Dean DeBlois,85,Adventure|Animation|Comedy|Drama|Family|Fantasy|Sci-Fi,Lilo & Stitch ,2002,7.2
Gary Winick,97,Comedy|Family|Fantasy,Charlotte's Web ,2006,6.4
Mimi Leder,120,Action|Drama|Romance|Sci-Fi|Thriller,Deep Impact ,1998,6.1
Dean Parisot,116,Action|Comedy|Crime|Thriller,RED 2 ,2013,6.7
Peter Segal,113,Comedy|Crime|Sport,The Longest Yard ,2005,6.4
Mike Mitchell,87,Adventure|Animation|Comedy|Family|Fantasy|Music,Alvin and the Chipmunks: Chipwrecked ,2011,4.4
Dennis Dugan,101,Comedy,Grown Ups 2 ,2013,5.4
Peter Segal,110,Action|Adventure|Comedy,Get Smart ,2008,6.5
Nancy Meyers,128,Comedy|Drama|Romance,Something's Gotta Give ,2003,6.7
Martin Scorsese,138,Mystery|Thriller,Shutter Island ,2010,8.1
Seth Gordon,88,Comedy|Drama|Romance,Four Christmases ,2008,5.6
Chris Wedge,91,Adventure|Animation|Comedy|Family|Sci-Fi,Robots ,2005,6.3
John Woo,138,Action|Crime|Sci-Fi|Thriller,Face/Off ,1997,7.3
Adam Shankman,99,Comedy|Family|Fantasy|Romance,Bedtime Stories ,2008,6.1
Sam Mendes,117,Crime|Drama|Thriller,Road to Perdition ,2002,7.7
Dennis Dugan,117,Comedy|Romance,Just Go with It ,2011,6.4
,54,Action|Adventure|Crime|Drama|Sci-Fi|Thriller,Daredevil             ,,8.8
Simon West,123,Action|Crime|Thriller,Con Air ,1997,6.8
D.J. Caruso,118,Action|Mystery|Thriller,Eagle Eye ,2008,6.6
Anthony Minghella,154,Adventure|Drama|History|Romance|War,Cold Mountain ,2003,7.2
Albert Hughes,118,Action|Adventure|Drama|Thriller,The Book of Eli ,2010,6.9
Les Mayfield,90,Comedy|Family|Sci-Fi,Flubber ,1997,5.2
Jan de Bont,113,Fantasy|Horror|Mystery|Thriller,The Haunting ,1999,4.9
Joe Pytka,88,Adventure|Animation|Comedy|Family|Fantasy|Sci-Fi|Sport,Space Jam ,1996,6.3
Shawn Levy,93,Adventure|Comedy|Crime|Family|Mystery,The Pink Panther ,2006,5.6
Scott Derrickson,104,Drama|Sci-Fi|Thriller,The Day the Earth Stood Still ,2008,5.5
Richard Donner,135,Action|Crime|Mystery|Romance|Thriller,Conspiracy Theory ,1997,6.7
David Ayer,134,Action|Drama|War,Fury ,2014,7.6
Ivan Reitman,98,Action|Adventure|Comedy|Romance,Six Days Seven Nights ,1998,5.7
Eric Brevig,80,Adventure|Animation|Comedy|Family,Yogi Bear ,2010,4.6
Kelly Asbury,83,Adventure|Animation|Family|Western,Spirit: Stallion of the Cimarron ,2002,7.0
Frank Coraci,102,Comedy|Family|Romance,Zookeeper ,2011,5.2
Stephen Hopkins,130,Action|Adventure|Family|Sci-Fi|Thriller,Lost in Space ,1998,5.1
Jonathan Demme,129,Drama|Mystery|Sci-Fi|Thriller,The Manchurian Candidate ,2004,6.6
Henry Jaglom,117,Drama|Romance,Déjà Vu ,1997,7.0
Genndy Tartakovsky,89,Animation|Comedy|Family|Fantasy,Hotel Transylvania 2 ,2015,6.7
,25,Comedy|Family|Fantasy,Bewitched             ,,7.6
James Algar,74,Animation|Family|Fantasy|Music,Fantasia 2000 ,1999,7.3
Simon Wells,96,Action|Adventure|Sci-Fi,The Time Machine ,2002,5.9
Ron Underwood,114,Action|Adventure|Family|Fantasy|Thriller,Mighty Joe Young ,1998,5.6
Dominic Sena,99,Action|Crime|Thriller,Swordfish ,2001,6.5
Martin Campbell,129,Action|Adventure|Western,The Legend of Zorro ,2005,5.9
Vincent Ward,113,Drama|Fantasy|Romance,What Dreams May Come ,1998,7.0
Steven Brill,90,Comedy|Fantasy,Little Nicky ,2000,5.3
Terry Gilliam,118,Action|Adventure|Comedy|Fantasy|Thriller,The Brothers Grimm ,2005,5.9
Tim Burton,106,Action|Comedy|Sci-Fi,Mars Attacks! ,1996,6.3
Lucile Hadzihalilovic,81,Drama|Horror|Mystery|Sci-Fi,Evolution ,2015,6.4
Lee Tamahori,117,Action|Adventure|Drama|Thriller,The Edge ,1997,6.9
Jonathan Mostow,89,Action|Sci-Fi|Thriller,Surrogates ,2009,6.3
Roger Donaldson,145,Drama|History|Thriller,Thirteen Days ,2000,7.3
Rob Cohen,114,Action|Adventure|Drama|Thriller,Daylight ,1996,5.8
Barry Cook,87,Adventure|Animation|Family,Walking with Dinosaurs 3D ,2013,5.2
Roger Christian,119,Action|Adventure|Sci-Fi,Battlefield Earth ,2000,2.4
Joe Dante,91,Adventure|Animation|Comedy|Family|Fantasy|Sci-Fi,Looney Tunes: Back in Action ,2003,5.7
Rob Marshall,118,Drama|Musical|Romance,Nine ,2009,5.8
Richard Donner,116,Action|Adventure|Sci-Fi,Timeline ,2003,5.6
Kevin Costner,177,Action|Adventure|Drama|Sci-Fi,The Postman ,1997,6.0
George Miller,97,Adventure|Comedy|Drama|Family|Fantasy,Babe: Pig in the City ,1998,5.8
Breck Eisner,106,Action|Adventure|Fantasy,The Last Witch Hunter ,2015,6.0
Antony Hoffman,106,Action|Sci-Fi|Thriller,Red Planet ,2000,5.7
Luc Besson,94,Adventure|Animation|Family|Fantasy,Arthur and the Invisibles ,2006,6.0
Jacques Perrin,104,Documentary|Drama,Oceans ,2009,7.8
Peter Hyams,102,Action|Adventure|Horror|Sci-Fi|Thriller,A Sound of Thunder ,2005,4.2
Paul W.S. Anderson,105,Action|Adventure|Drama|History|Romance,Pompeii ,2014,5.6
Andrés Couturier,89,Animation|Family,Top Cat Begins ,2015,4.4
Ron Howard,135,Biography|Drama,A Beautiful Mind ,2001,8.2
Roger Allers,73,Adventure|Animation|Drama|Family|Musical,The Lion King ,1994,8.5
Brad Peyton,94,Action|Adventure|Comedy|Family|Fantasy|Sci-Fi,Journey 2: The Mysterious Island ,2012,5.8
Cody Cameron,95,Animation|Comedy|Family|Fantasy|Sci-Fi,Cloudy with a Chance of Meatballs 2 ,2013,6.5
Brett Ratner,124,Crime|Drama|Thriller,Red Dragon ,2002,7.2
Joe Johnston,136,Action|Adventure|Western,Hidalgo ,2004,6.7
Dennis Dugan,91,Comedy,Jack and Jill ,2011,3.4
John Singleton,107,Action|Crime|Thriller,2 Fast 2 Furious ,2003,5.9
Mark Osborne,108,Adventure|Animation|Drama|Family|Fantasy,The Little Prince ,2015,7.8
Oliver Hirschbiegel,99,Sci-Fi|Thriller,The Invasion ,2007,5.9
Des McAnuff,92,Adventure|Animation|Comedy|Family|Fantasy,The Adventures of Rocky & Bullwinkle ,2000,4.1
Yarrow Cheney,87,Animation|Comedy|Family,The Secret Life of Pets ,2016,6.8
Stephen Norrington,110,Action|Adventure|Fantasy|Sci-Fi,The League of Extraordinary Gentlemen ,2003,5.8
Pierre Coffin,98,Animation|Comedy|Family|Sci-Fi,Despicable Me 2 ,2013,7.5
Roland Emmerich,154,Action|Adventure|Sci-Fi,Independence Day ,1996,6.9
Steven Spielberg,129,Action|Adventure|Sci-Fi,The Lost World: Jurassic Park ,1997,6.5
Eric Darnell,86,Adventure|Animation|Comedy|Family,Madagascar ,2005,6.9
Alfonso Cuarón,109,Drama|Sci-Fi|Thriller,Children of Men ,2006,7.9
Bryan Singer,104,Action|Adventure|Sci-Fi,X-Men ,2000,7.4
Timur Bekmambetov,110,Action|Crime|Fantasy|Thriller,Wanted ,2008,6.7
Michael Bay,136,Action|Adventure|Thriller,The Rock ,1996,7.4
Carlos Saldanha,115,Action|Adventure|Animation|Comedy|Family|Fantasy,Ice Age: The Meltdown ,2006,6.9
Peter Segal,99,Comedy|Romance,50 First Dates ,2004,6.8
Adam Shankman,117,Comedy|Drama|Family|Music|Musical|Romance,Hairspray ,2007,6.7
Renny Harlin,125,Horror|Mystery|Thriller,Exorcist: The Beginning ,2004,5.1
David Kellogg,110,Action|Adventure|Comedy|Family|Sci-Fi,Inspector Gadget ,1999,4.1
Louis Leterrier,125,Crime|Mystery|Thriller,Now You See Me ,2013,7.3
Dennis Dugan,102,Comedy,Grown Ups ,2010,6.0
Steven Spielberg,128,Comedy|Drama,The Terminal ,2004,7.3
,43,Drama|Fantasy|Horror|Thriller,Constantine             ,,7.5
Thor Freudenthal,100,Comedy|Family,Hotel for Dogs ,2009,5.4
Martin Campbell,124,Action|Adventure|Drama|Thriller,Vertical Limit ,2000,5.9
Mike Nichols,102,Biography|Comedy|Drama|History,Charlie Wilson's War ,2007,7.1
Bibo Bergeron,90,Adventure|Animation|Comedy|Family,Shark Tale ,2004,6.0
Bill Condon,130,Drama|Music|Musical,Dreamgirls ,2006,6.5
,45,Crime|Drama|Mystery,Life             ,,8.3
F. Gary Gray,118,Comedy|Crime|Music,Be Cool ,2005,5.7
Steven Spielberg,163,Drama|History|Thriller,Munich ,2005,7.6
Antoine Fuqua,142,Action|Drama|Thriller|War,Tears of the Sun ,2003,6.6
Robert Luketic,100,Action|Comedy|Romance|Thriller,Killers ,2010,5.4
Guy Ritchie,116,Action|Adventure|Comedy,The Man from U.N.C.L.E. ,2015,7.3
James L. Brooks,131,Comedy|Drama|Romance,Spanglish ,2004,6.5
Gil Kenan,91,Animation|Comedy|Family|Fantasy|Mystery,Monster House ,2006,6.6
Barry Levinson,123,Comedy|Crime|Drama|Romance,Bandits ,2001,6.6
Jerry Zucker,134,Action|Adventure|Romance|Thriller,First Knight ,1995,5.9
Andy Tennant,148,Drama|History|Romance,Anna and the King ,1999,6.7
Tarsem Singh,110,Action|Drama|Fantasy|Romance,Immortals ,2011,6.1
Florent-Emilio Siri,113,Action|Crime|Drama|Mystery|Thriller,Hostage ,2005,6.6
Don Bluth,94,Action|Adventure|Animation|Family|Sci-Fi,Titan A.E. ,2000,6.6
Ron Shelton,116,Action|Comedy|Crime|Thriller,Hollywood Homicide ,2003,5.3
Paul W.S. Anderson,99,Action|Drama|Sci-Fi,Soldier ,1998,6.0
David Pastor,84,Drama|Horror|Sci-Fi|Thriller,Carriers ,2009,6.0
Henry Selick,93,Animation|Comedy|Fantasy,Monkeybone ,2001,4.7
John Moore,113,Action|Adventure|Drama|Thriller,Flight of the Phoenix ,2004,6.1
M. Night Shyamalan,106,Drama|Mystery|Sci-Fi|Thriller,Unbreakable ,2000,7.2
Kyle Balda,91,Action|Animation|Comedy|Family|Sci-Fi,Minions ,2015,6.4
Zack Snyder,128,Action|Fantasy,Sucker Punch ,2011,6.1
Brian De Palma,98,Crime|Mystery|Thriller,Snake Eyes ,1998,5.9
Barry Levinson,134,Drama|Mystery|Sci-Fi|Thriller,Sphere ,1998,6.0
Clay Kaytis,97,Action|Animation|Comedy|Family,The Angry Birds Movie ,2016,6.3
Andy Tennant,112,Action|Adventure|Comedy|Romance|Thriller,Fool's Gold ,2008,5.6
Judd Apatow,153,Comedy|Drama,Funny People ,2009,6.4
Peter Berg,110,Action|Drama|Thriller,The Kingdom ,2007,7.1
Adam McKay,122,Action|Comedy|Sport,Talladega Nights: The Ballad of Ricky Bobby ,2006,6.6
Steve Carr,87,Comedy|Family|Fantasy,Dr. Dolittle 2 ,2001,4.6
Mel Gibson,178,Biography|Drama|History|War,Braveheart ,1995,8.4
Sam Mendes,125,Action|Drama|War,Jarhead ,2005,7.1
David Silverman,87,Adventure|Animation|Comedy,The Simpsons Movie ,2007,7.4
Frank Darabont,152,Drama|Romance,The Majestic ,2001,6.9
Renny Harlin,116,Action|Drama|Sport,Driven ,2001,4.5
Jean-Jacques Annaud,109,Adventure|Drama|Family,Two Brothers ,2004,7.1
M. Night Shyamalan,108,Drama|Mystery|Romance|Thriller,The Village ,2004,6.5
Betty Thomas,85,Comedy|Family|Fantasy,Doctor Dolittle ,1998,5.3
M. Night Shyamalan,106,Drama|Sci-Fi|Thriller,Signs ,2002,6.7
Andrew Adamson,93,Adventure|Animation|Comedy|Family|Fantasy|Romance,Shrek 2 ,2004,7.2
John Lasseter,117,Adventure|Animation|Comedy|Family|Sport,Cars ,2006,7.2
Garry Marshall,116,Comedy|Romance,Runaway Bride ,1999,5.5
Rob Cohen,132,Action|Adventure|Thriller,xXx ,2002,5.8
Paul Tibbitt,92,Adventure|Animation|Comedy|Family|Fantasy,The SpongeBob Movie: Sponge Out of Water ,2015,6.0
Ron Howard,139,Crime|Thriller,Ransom ,1996,6.6
Quentin Tarantino,153,Adventure|Drama|War,Inglourious Basterds ,2009,8.3
Steven Spielberg,142,Adventure|Comedy|Family|Fantasy,Hook ,1991,6.7
Brett Ratner,101,Action|Adventure,Hercules ,2014,6.0
Renny Harlin,124,Action|Thriller,Die Hard 2 ,1990,7.1
Clark Johnson,117,Action|Adventure|Crime|Thriller,S.W.A.T. ,2003,6.0
,45,Adventure|Drama|Fantasy|Mystery|Thriller,Sleepy Hollow             ,,7.5
Cameron Crowe,141,Fantasy|Mystery|Romance|Sci-Fi|Thriller,Vanilla Sky ,2001,6.9
M. Night Shyamalan,110,Drama|Fantasy|Mystery|Thriller,Lady in the Water ,2006,5.6
Paul W.S. Anderson,109,Action|Horror|Sci-Fi|Thriller,AVP: Alien vs. Predator ,2004,5.6
Betty Thomas,88,Animation|Comedy|Family|Fantasy|Music,Alvin and the Chipmunks: The Squeakquel ,2009,4.5
Randall Wallace,124,Action|Drama|History|War,We Were Soldiers ,2002,7.1
Antoine Fuqua,119,Action|Thriller,Olympus Has Fallen ,2013,6.5
Jonathan Frakes,103,Action|Adventure|Sci-Fi|Thriller,Star Trek: Insurrection ,1998,6.4
Jonathan Liebesman,116,Action|Sci-Fi,Battle Los Angeles ,2011,5.8
Tim Burton,125,Adventure|Drama|Fantasy,Big Fish ,2003,8.0
Mike Nichols,125,Drama|Horror|Romance|Thriller,Wolf ,1994,6.2
Steven Spielberg,146,Drama|War,War Horse ,2011,7.2
George Clooney,118,Drama|War,The Monuments Men ,2014,6.1
James Cameron,171,Adventure|Drama|Sci-Fi|Thriller,The Abyss ,1989,7.6
Oliver Stone,136,Drama,Wall Street: Money Never Sleeps ,2010,6.3
Gary Shore,92,Action|Drama|Fantasy|Horror|War,Dracula Untold ,2014,6.3
Edward Zwick,116,Action|Thriller,The Siege ,1998,6.3
Matthew Vaughn,127,Adventure|Family|Fantasy|Romance,Stardust ,2007,7.7
Jean-Jacques Annaud,136,Adventure|Biography|Drama|History|War,Seven Years in Tibet ,1997,7.0
Ron Howard,111,Comedy|Drama,The Dilemma ,2011,5.3
Joel Schumacher,116,Action|Adventure|Comedy|Thriller,Bad Company ,2002,5.6
Andrzej Bartkowiak,113,Action|Adventure|Horror|Sci-Fi,Doom ,2005,5.2
Betty Thomas,97,Action|Adventure|Comedy|Thriller,I Spy ,2002,5.4
Måns Mårlind,88,Action|Fantasy|Horror,Underworld: Awakening ,2012,6.4
Adam Shankman,136,Comedy|Drama|Musical|Romance,Rock of Ages ,2012,5.9
Gregory Hoblit,125,Drama|War,Hart's War ,2002,6.3
Gary McKendry,116,Action|Crime|Thriller,Killer Elite ,2011,6.5
John McTiernan,98,Action|Sci-Fi|Sport,Rollerball ,2002,3.0
Wych Kaosayananda,91,Action|Crime|Sci-Fi|Thriller,Ballistic: Ecks vs. Sever ,2002,3.6
Mikael Salomon,97,Action|Crime|Drama|Thriller,Hard Rain ,1998,5.8
Bobby Farrelly,95,Action|Adventure|Animation|Comedy|Crime|Family|Fantasy,Osmosis Jones ,2001,6.2
Will Finn,88,Adventure|Animation|Family|Fantasy|Musical,Legends of Oz: Dorothy's Return ,2013,5.6
Michael Mann,133,Action|Crime|Drama|Mystery|Thriller,Blackhat ,2015,5.4
Kerry Conran,106,Action|Adventure|Mystery|Sci-Fi|Thriller,Sky Captain and the World of Tomorrow ,2004,6.1
Michael Caton-Jones,116,Crime|Mystery|Thriller,Basic Instinct 2 ,2006,4.2
Mikael Håfström,115,Action|Crime|Mystery|Sci-Fi|Thriller,Escape Plan ,2013,6.7
Renny Harlin,99,Action|Adventure|Fantasy,The Legend of Hercules ,2014,4.2
Phil Alden Robinson,124,Action|Drama|Thriller,The Sum of All Fears ,2002,6.4
David Slade,124,Adventure|Drama|Fantasy|Romance,The Twilight Saga: Eclipse ,2010,4.9
Frank Oz,124,Crime|Drama|Thriller,The Score ,2001,6.8
Pierre Coffin,87,Animation|Comedy|Family,Despicable Me ,2010,7.7
Joseph Ruben,105,Action|Comedy|Crime|Drama|Thriller,Money Train ,1995,5.6
Seth MacFarlane,125,Comedy,Ted 2 ,2015,6.4
Alejandro Amenábar,141,Adventure|Drama|History|Romance,Agora ,2009,7.2
Kinka Usher,121,Action|Comedy|Fantasy|Sci-Fi,Mystery Men ,1999,6.0
Bobby Farrelly,111,Comedy|Romance,Hall Pass ,2011,5.9
Michael Mann,157,Biography|Drama|Thriller,The Insider ,1999,7.9
Craig Gillespie,117,Action|Drama|History|Thriller,The Finest Hours ,2016,6.8
Ridley Scott,128,Action|Drama|Thriller,Body of Lies ,2008,7.1
Jay Roach,114,Comedy,Dinner for Schmucks ,2010,5.9
Timur Bekmambetov,105,Action|Fantasy|Horror,Abraham Lincoln: Vampire Hunter ,2012,5.9
Jon Amiel,113,Action|Crime|Romance|Thriller,Entrapment ,1999,6.2
,30,Comedy,Last Man Standing             ,,7.4
Rob Bowman,121,Drama|Mystery|Sci-Fi|Thriller,The X Files ,1998,7.0
Doug Lefler,102,Action|Adventure|Fantasy|War,The Last Legion ,2007,5.4
Steven Spielberg,169,Action|Drama|War,Saving Private Ryan ,1998,8.6
Scott Waugh,132,Action|Crime|Drama|Thriller,Need for Speed ,2014,6.5
Nancy Meyers,127,Comedy|Fantasy|Romance,What Women Want ,2000,6.4
Chris Wedge,103,Adventure|Animation|Comedy|Family,Ice Age ,2002,7.6
Lawrence Kasdan,136,Drama|Horror|Sci-Fi|Thriller,Dreamcatcher ,2003,5.5
Steven Spielberg,150,Biography|Drama|History|War,Lincoln ,2012,7.4
Lana Wachowski,136,Action|Sci-Fi,The Matrix ,1999,8.7
Ron Howard,140,Adventure|Drama|History,Apollo 13 ,1995,7.6
Paul Verhoeven,113,Action|Sci-Fi,Total Recall ,1990,7.5
Michael Lembeck,104,Comedy|Family|Fantasy,The Santa Clause 2 ,2002,5.5
Tom Hooper,158,Drama|Musical|Romance,Les Misérables ,2012,7.6
Nora Ephron,119,Comedy|Drama|Romance,You've Got Mail ,1998,6.5
Adam McKay,106,Comedy,Step Brothers ,2008,6.9
Martin Campbell,136,Action|Adventure|Comedy|Romance|Thriller|Western,The Mask of Zorro ,1998,6.7
Todd Phillips,95,Comedy|Drama,Due Date ,2010,6.6
Angelina Jolie Pitt,137,Biography|Drama|Sport|War,Unbroken ,2014,7.2
Clint Eastwood,130,Action|Adventure|Thriller,Space Cowboys ,2000,6.4
Renny Harlin,124,Action|Adventure|Thriller,Cliffhanger ,1993,6.4
John Woo,108,Action|Crime|Thriller,Broken Arrow ,1996,6.0
Jon Turteltaub,104,Comedy|Family|Fantasy,The Kid ,2000,6.1
Oliver Stone,129,Drama|History|Thriller,World Trade Center ,2006,6.0
Mike Newell,117,Drama,Mona Lisa Smile ,2003,6.4
Larry Charles,99,Comedy|Romance,The Dictator ,2012,6.4
Stanley Kubrick,159,Drama|Mystery|Thriller,Eyes Wide Shut ,1999,7.3
Will Gluck,118,Comedy|Drama|Family|Musical,Annie ,2014,5.2
Glenn Ficarra,105,Comedy|Crime|Drama|Romance,Focus ,2015,6.6
McG,103,Action|Comedy|Romance,This Means War ,2012,6.3
David S. Goyer,122,Action|Adventure|Fantasy|Horror|Sci-Fi|Thriller,Blade: Trinity ,2004,5.9
John Milius,114,Action|Drama|War,Red Dawn ,1984,6.4
Mike Nichols,143,Comedy|Drama,Primary Colors ,1998,6.7
Paul W.S. Anderson,96,Action|Horror|Sci-Fi|Thriller,Resident Evil: Retribution ,2012,5.4
Paul W.S. Anderson,111,Action|Sci-Fi|Thriller,Death Race ,2008,6.4
Renny Harlin,121,Action|Crime|Drama|Mystery|Thriller,The Long Kiss Goodnight ,1996,6.7
Taylor Hackford,135,Action|Drama|Thriller,Proof of Life ,2000,6.2
Jon Favreau,101,Action|Adventure|Comedy|Family|Fantasy|Sci-Fi,Zathura: A Space Adventure ,2005,6.1
David Fincher,151,Drama,Fight Club ,1999,8.8
McG,131,Drama|Sport,We Are Marshall ,2006,7.1
,60,Crime|Drama|Mystery,The Missing             ,,8.1
Michael Lehmann,100,Action|Adventure|Comedy,Hudson Hawk ,1991,5.7
Nora Ephron,105,Comedy|Crime,Lucky Numbers ,2000,5.0
Stuart Beattie,92,Action|Fantasy|Sci-Fi|Thriller,"I, Frankenstein ",2014,5.1
Roman Polanski,130,Crime|Drama,Oliver Twist ,2005,6.9
Rob Bowman,100,Action|Crime|Fantasy|Thriller,Elektra ,2005,4.8
Frank Miller,102,Action|Crime|Thriller,Sin City: A Dame to Kill For ,2014,6.5
Sydney Pollack,133,Drama|Mystery|Romance,Random Hearts ,1999,5.1
Baltasar Kormákur,121,Adventure|Biography|Drama|History|Sport|Thriller,Everest ,2015,7.1
Tom Tykwer,147,Crime|Drama|Fantasy,Perfume: The Story of a Murderer ,2006,7.5
Jay Roach,94,Action|Comedy|Crime,Austin Powers in Goldmember ,2002,6.2
David Bowers,94,Action|Animation|Comedy|Family|Sci-Fi,Astro Boy ,2009,6.3
Steven Spielberg,127,Adventure|Sci-Fi|Thriller,Jurassic Park ,1993,8.1
Lawrence Kasdan,212,Adventure|Biography|Crime|Drama|Western,Wyatt Earp ,1994,6.6
Phillip Noyce,141,Action|Crime|Drama|Thriller,Clear and Present Danger ,1994,6.9
Daniel Lee,103,Action|Adventure|Drama|History,Dragon Blade ,2015,6.1
Keenen Ivory Wayans,98,Comedy|Crime,Littleman ,2006,4.3
Jonathan Mostow,116,Action|War,U-571 ,2000,6.6
Rob Reiner,114,Comedy|Drama|Romance,The American President ,1995,6.8
Marco Schnabel,87,Comedy|Romance|Sport,The Love Guru ,2008,3.8
Demian Lichtenstein,125,Action|Comedy|Crime|Thriller,3000 Miles to Graceland ,2001,5.9
Quentin Tarantino,187,Crime|Drama|Mystery|Thriller|Western,The Hateful Eight ,2015,7.9
Josh Gordon,93,Comedy|Sport,Blades of Glory ,2007,6.3
Tim Hill,95,Adventure|Animation|Comedy|Family|Fantasy,Hop ,2011,5.5
Zack Snyder,117,Action|Drama|Fantasy|War,300 ,2006,7.7
Jay Roach,106,Comedy|Romance,Meet the Fockers ,2004,6.3
David Frankel,115,Comedy|Drama|Family,Marley & Me ,2008,7.1
Frank Darabont,189,Crime|Drama|Fantasy|Mystery,The Green Mile ,1999,8.5
Walt Becker,100,Action|Adventure|Comedy,Wild Hogs ,2007,5.9
Mark Dindal,81,Adventure|Animation|Comedy|Family|Sci-Fi,Chicken Little ,2005,5.8
David Fincher,149,Crime|Drama|Mystery|Thriller,Gone Girl ,2014,8.1
Doug Liman,119,Action|Mystery|Thriller,The Bourne Identity ,2002,7.9
Martin Campbell,130,Action|Adventure|Thriller,GoldenEye ,1995,7.2
Simon West,116,Drama|Mystery|Thriller,The General's Daughter ,1999,6.3
Peter Weir,103,Comedy|Drama|Sci-Fi,The Truman Show ,1998,8.1
Brenda Chapman,99,Adventure|Animation|Biography|Drama|Family|Fantasy|Musical,The Prince of Egypt ,1998,7.0
Steve Carr,92,Comedy|Family,Daddy Day Care ,2003,5.5
Baltasar Kormákur,109,Action|Comedy|Crime|Drama|Thriller,2 Guns ,2013,6.7
Lawrence Guterman,87,Action|Comedy|Family|Fantasy,Cats & Dogs ,2001,5.2
F. Gary Gray,111,Action|Crime|Thriller,The Italian Job ,2003,7.0
Marc Lawrence,101,Comedy|Romance,Two Weeks Notice ,2002,6.1
Eric Darnell,83,Adventure|Animation|Comedy|Family,Antz ,1998,6.6
Peter Billingsley,113,Comedy,Couples Retreat ,2009,5.5
Tony Scott,107,Action|Drama|Sport,Days of Thunder ,1990,5.9
Adam Shankman,94,Adventure|Comedy|Family,Cheaper by the Dozen 2 ,2005,5.4
Wes Ball,132,Action|Sci-Fi|Thriller,The Scorch Trials ,2015,6.4
Ryan Murphy,140,Drama|Romance,Eat Pray Love ,2010,5.7
Brett Ratner,125,Comedy|Drama|Fantasy|Romance,The Family Man ,2000,6.7
Robert Schwentke,111,Action|Comedy|Crime|Thriller,RED ,2010,7.1
Oliver Stone,156,Drama|Sport,Any Given Sunday ,1999,6.8
Robert Redford,170,Drama|Romance|Western,The Horse Whisperer ,1998,6.5
Michael Mann,120,Crime|Drama|Thriller,Collateral ,2004,7.6
Chuck Russell,100,Action|Adventure|Fantasy|Thriller,The Scorpion King ,2002,5.5
Jay Russell,115,Action|Drama|Thriller,Ladder 49 ,2004,6.5
Christopher McQuarrie,130,Action|Crime|Mystery|Thriller,Jack Reacher ,2012,7.0
Renny Harlin,105,Action|Sci-Fi|Thriller,Deep Blue Sea ,1999,5.8
Kenny Ortega,111,Documentary|Music,This Is It ,2009,7.3
Steven Soderbergh,106,Drama|Thriller,Contagion ,2011,6.6
David McNally,89,Action|Adventure|Comedy|Crime,Kangaroo Jack ,2003,4.4
Henry Selick,100,Animation|Family|Fantasy,Coraline ,2009,7.7
M. Night Shyamalan,91,Sci-Fi|Thriller,The Happening ,2008,5.0
Tony Scott,146,Action|Crime|Drama|Thriller,Man on Fire ,2004,7.7
Brian Robbins,98,Comedy|Family|Fantasy,The Shaggy Dog ,2006,4.4
Todd Phillips,101,Comedy|Crime,Starsky & Hutch ,2004,6.1
Brian Levant,94,Comedy|Family,Jingle All the Way ,1996,5.4
Guillermo del Toro,132,Action|Fantasy|Horror|Sci-Fi,Hellboy ,2004,6.8
Steven Zaillian,115,Drama,A Civil Action ,1998,6.5
Chris Butler,92,Adventure|Animation|Comedy|Family|Fantasy,ParaNorman ,2012,7.0
Michael Caton-Jones,124,Action|Adventure|Crime|Thriller,The Jackal ,1997,6.3
John Woo,119,Action|Mystery|Sci-Fi|Thriller,Paycheck ,2003,6.3
Jon Avnet,124,Drama|Romance,Up Close & Personal ,1996,6.1
Sam Fell,93,Adventure|Animation|Comedy|Family|Fantasy,The Tale of Despereaux ,2008,6.1
,22,Comedy|Romance,Rules of Engagement             ,,7.3
Kevin Donovan,98,Action|Comedy|Sci-Fi,The Tuxedo ,2002,5.3
Geoff Murphy,92,Action|Thriller,Under Siege 2: Dark Territory ,1995,5.4
Kenneth Branagh,105,Action|Drama|Thriller,Jack Ryan: Shadow Recruit ,2014,6.2
David O. Russell,124,Biography|Comedy|Drama,Joy ,2015,6.6
Babak Najafi,99,Action|Crime|Drama|Thriller,London Has Fallen ,2016,5.9
Jean-Pierre Jeunet,116,Action|Horror|Sci-Fi,Alien: Resurrection ,1997,6.3
Antoine Fuqua,124,Action|Crime|Drama|Mystery|Thriller,Shooter ,2007,7.2
Graham Annable,96,Adventure|Animation|Comedy|Family|Fantasy,The Boxtrolls ,2014,6.8
Griffin Dunne,104,Comedy|Drama|Fantasy|Romance,Practical Magic ,1998,6.1
Phil Lord,100,Action|Adventure|Animation|Comedy|Family|Fantasy,The Lego Movie ,2014,7.8
John Pasquin,115,Action|Comedy|Crime,Miss Congeniality 2: Armed and Fabulous ,2005,5.0
Rob Bowman,101,Action|Adventure|Fantasy|Sci-Fi|Thriller,Reign of Fire ,2002,6.2
Ruben Fleischer,113,Action|Crime|Drama|Thriller,Gangster Squad ,2013,6.7
Harold Ramis,100,Adventure|Comedy,Year One ,2009,4.9
Clint Eastwood,134,Biography|Drama|History|Sport,Invictus ,2009,7.4
Kevin Macdonald,127,Crime|Drama|Mystery|Thriller,State of Play ,2009,7.1
Tony Gilroy,125,Comedy|Crime|Romance|Thriller,Duplicity ,2009,6.2
Donald Petrie,94,Comedy|Family|Sci-Fi,My Favorite Martian ,1999,4.9
Clark Johnson,107,Action|Crime|Thriller,The Sentinel ,2006,6.1
Jorge Blanco,91,Adventure|Animation|Comedy|Family|Sci-Fi,Planet 51 ,2009,6.1
Stuart Baird,116,Action|Adventure|Sci-Fi|Thriller,Star Trek: Nemesis ,2002,6.4
Joel Coen,100,Comedy|Crime|Romance,Intolerable Cruelty ,2003,6.3
Robert Lorenz,111,Drama|Sport,Trouble with the Curve ,2012,6.8
Martin Campbell,117,Crime|Drama|Mystery|Thriller,Edge of Darkness ,2010,6.6
Peter Hyams,110,Horror|Mystery|Sci-Fi|Thriller,The Relic ,1997,5.7
Harold Ramis,96,Comedy|Crime,Analyze That ,2002,5.9
Jon Avnet,101,Action|Crime|Drama|Mystery|Thriller,Righteous Kill ,2008,6.0
Harold Becker,111,Action|Crime|Drama|Thriller,Mercury Rising ,1998,6.1
Joe Wright,117,Biography|Drama|Music,The Soloist ,2009,6.7
Robert Redford,126,Drama|Fantasy|Sport,The Legend of Bagger Vance ,2000,6.7
Cameron Crowe,152,Adventure|Comedy|Drama|Music,Almost Famous ,2000,7.9
Tim Hill,86,Animation|Comedy|Family|Fantasy,Garfield 2 ,2006,5.0
Lee Tamahori,101,Action|Adventure|Crime|Thriller,xXx: State of the Union ,2005,4.3
Scott Stewart,87,Action|Fantasy|Horror|Sci-Fi|Thriller,Priest ,2011,5.7
Patrick Gilmore,85,Adventure|Animation|Comedy|Drama|Family|Fantasy|Romance,Sinbad: Legend of the Seven Seas ,2003,6.7
Paul W.S. Anderson,130,Horror|Sci-Fi|Thriller,Event Horizon ,1997,6.7
Joss Whedon,173,Action|Adventure|Sci-Fi,The Avengers ,2012,8.1
Tom Shadyac,104,Drama|Fantasy|Mystery|Romance|Thriller,Dragonfly ,2002,6.1
Brian De Palma,121,Crime|Drama|Mystery|Thriller,The Black Dahlia ,2006,5.6
Tony Bill,140,Action|Adventure|Drama|History|Romance|War,Flyboys ,2006,6.6
Rod Lurie,131,Action|Drama|Thriller,The Last Castle ,2001,6.9
Walter Hill,91,Horror|Sci-Fi|Thriller,Supernova ,2000,4.8
Akiva Goldsman,118,Drama|Fantasy|Mystery|Romance,Winter's Tale ,2014,6.2
Harald Zwart,130,Fantasy|Horror|Mystery|Romance,The Mortal Instruments: City of Bones ,2013,6.0
Brian Robbins,90,Adventure|Comedy|Family|Romance|Sci-Fi,Meet Dave ,2008,4.9
Walter Salles,103,Drama|Horror|Thriller,Dark Water ,2005,5.6
Ron Howard,122,Comedy|Drama,Edtv ,1999,6.1
Iain Softley,106,Adventure|Family|Fantasy,Inkheart ,2008,6.1
Frank Miller,103,Action|Crime|Fantasy|Thriller,The Spirit ,2008,4.8
David Koepp,107,Action|Comedy|Mystery|Romance,Mortdecai ,2015,5.5
Uwe Boll,156,Action|Adventure|Fantasy|Thriller,In the Name of the King: A Dungeon Siege Tale ,2007,3.8
Martin Campbell,127,Adventure|Drama|Romance|War,Beyond Borders ,2003,6.5
Pou-Soi Cheang,119,Action|Adventure|Fantasy,Xi you ji zhi: Sun Wukong san da Baigu Jing ,2016,6.0
John Dahl,132,Action|Drama|War,The Great Raid ,2005,6.7
Tim Miller,108,Action|Adventure|Comedy|Romance|Sci-Fi,Deadpool ,2016,8.1
Stephen Herek,114,Comedy|Drama,Holy Man ,1998,4.9
Clint Eastwood,133,Action|Biography|Drama|History|Thriller|War,American Sniper ,2014,7.3
Rob Letterman,103,Adventure|Comedy|Family|Fantasy|Horror,Goosebumps ,2015,6.4
,22,Comedy|Family|Fantasy,"Sabrina, the Teenage Witch             ",,6.6
Mark Waters,95,Comedy|Fantasy|Romance,Just Like Heaven ,2005,6.7
Brian Levant,90,Comedy|Family|Romance|Sci-Fi,The Flintstones in Viva Rock Vegas ,2000,3.6
Peter MacDonald,87,Action|Adventure|Thriller|War,Rambo III ,1988,5.7
George Clooney,114,Comedy|Drama|Romance|Sport,Leatherheads ,2008,6.0
Frank Coraci,119,Comedy|Western,The Ridiculous 6 ,2015,4.9
Marc Lawrence,103,Comedy|Drama|Romance,Did You Hear About the Morgans? ,2009,4.7
Shawn Levy,125,Comedy,The Internship ,2013,6.3
Paul W.S. Anderson,97,Action|Adventure|Horror|Sci-Fi,Resident Evil: Afterlife ,2010,5.9
Anthony Hemingway,125,Action|Adventure|Drama|History|War,Red Tails ,2012,5.9
,30,Comedy|Romance,Sex and the City             ,,7.0
Taylor Hackford,136,Drama|Mystery|Thriller,The Devil's Advocate ,1997,7.5
Sean Anders,116,Comedy,That's My Boy ,2012,5.6
Rob Cohen,103,Action|Adventure|Fantasy,DragonHeart ,1996,6.4
Brett Ratner,97,Action|Comedy|Crime|Drama,After the Sunset ,2004,6.3
Mark Neveldine,96,Action|Fantasy|Thriller,Ghost Rider: Spirit of Vengeance ,2011,4.3
John Madden,131,Drama|Music|Romance|War,Captain Corelli's Mandolin ,2001,5.9
,22,Comedy|Romance,Anger Management             ,,6.7
Adam Shankman,95,Action|Comedy|Drama|Family|Thriller,The Pacifier ,2005,5.5
Kevin Bray,86,Action|Crime,Walking Tall ,2004,6.2
Robert Zemeckis,142,Comedy|Drama,Forrest Gump ,1994,8.8
Tim Hill,92,Animation|Comedy|Family|Fantasy|Music,Alvin and the Chipmunks ,2007,5.2
Jay Roach,108,Comedy,Meet the Parents ,2000,7.0
Mike Gabriel,84,Adventure|Animation|Drama|Family|History|Musical|Romance,Pocahontas ,1995,6.6
Richard Donner,188,Action|Adventure|Drama|Romance|Sci-Fi,Superman ,1978,7.3
Tom Shadyac,95,Comedy|Romance|Sci-Fi,The Nutty Professor ,1996,5.6
Andy Tennant,118,Comedy|Romance,Hitch ,2005,6.6
Sam Weisman,92,Action|Adventure|Comedy|Family|Romance,George of the Jungle ,1997,5.4
Jesse Dylan,74,Comedy|Romance,American Wedding ,2003,6.3
Paul Greengrass,134,Biography|Drama|Thriller,Captain Phillips ,2013,7.9
Shawn Levy,101,Comedy|Crime|Romance|Thriller,Date Night ,2010,6.3
Brad Silberling,100,Comedy|Family|Fantasy,Casper ,1995,6.0
Antoine Fuqua,132,Action|Crime|Thriller,The Equalizer ,2014,7.2
Wayne Wang,105,Comedy|Drama|Romance,Maid in Manhattan ,2002,5.1
Tony Scott,123,Action|Drama|Thriller|War,Crimson Tide ,1995,7.3
Gabriele Muccino,117,Biography|Drama,The Pursuit of Happyness ,2006,8.0
Robert Schwentke,98,Drama|Mystery|Thriller,Flightplan ,2005,6.2
Barry Levinson,128,Drama|Thriller,Disclosure ,1994,6.0
Brad Silberling,114,Drama|Fantasy|Romance,City of Angels ,1998,6.7
Quentin Tarantino,111,Action,Kill Bill: Vol. 1 ,2003,8.1
Frank Oz,85,Comedy,Bowfinger ,1999,6.4
,44,Action|Adventure|Drama|Sci-Fi,Stargate SG-1             ,,8.4
Quentin Tarantino,137,Action|Crime|Drama|Thriller,Kill Bill: Vol. 2 ,2004,8.0
Andrey Konchalovskiy,97,Action|Comedy|Crime|Thriller,Tango & Cash ,1989,6.3
Robert Zemeckis,104,Comedy|Fantasy|Horror,Death Becomes Her ,1992,6.4
Tom Dey,110,Action|Adventure|Comedy|Western,Shanghai Noon ,2000,6.6
Stuart Baird,133,Action|Adventure|Thriller,Executive Decision ,1996,6.4
Mark Waters,94,Comedy|Family|Fantasy,Mr. Popper's Penguins ,2011,6.0
Rob Minkoff,104,Action|Adventure|Fantasy,The Forbidden Kingdom ,2008,6.6
Jimmy Hayward,91,Adventure|Animation|Comedy|Family,Free Birds ,2013,5.9
David Fincher,145,Action|Horror|Sci-Fi,Alien 3 ,1992,6.4
Alan Parker,135,Biography|Drama|History|Musical,Evita ,1996,6.3
John Frankenheimer,122,Action|Adventure|Crime|Thriller,Ronin ,1998,7.3
Stephen Hopkins,110,Adventure|Drama|Horror|Thriller,The Ghost and the Darkness ,1996,6.8
Paul King,95,Animation|Comedy|Family|Fantasy,Paddington ,2014,7.2
Akiva Schaffer,102,Action|Comedy|Sci-Fi,The Watch ,2012,5.7
William Friedkin,94,Action|Crime|Drama|Thriller,The Hunted ,2003,6.0
Jon Turteltaub,126,Drama|Thriller,Instinct ,1999,6.5
Bobby Farrelly,118,Comedy,Stuck on You ,2003,5.8
Kent Alterman,99,Comedy|Sport,Semi-Pro ,2008,5.8
Peter Lord,88,Adventure|Animation|Comedy|Family,The Pirates! Band of Misfits ,2012,6.7
Clint Eastwood,141,Crime|Drama|Mystery|Thriller,Changeling ,2008,7.8
Andrew Davis,107,Action|Drama|Sci-Fi|Thriller,Chain Reaction ,1996,5.6
Tony Scott,116,Action|Drama|Sport|Thriller,The Fan ,1996,5.8
Joel Schumacher,143,Drama|Musical|Romance|Thriller,The Phantom of the Opera ,2004,7.4
Shekhar Kapur,114,Biography|Drama|History|War,Elizabeth: The Golden Age ,2007,6.9
Karyn Kusama,93,Action|Sci-Fi,Æon Flux ,2005,5.5
Ron Maxwell,280,Drama|History|War,Gods and Generals ,2003,6.3
Robert Butler,100,Action|Thriller,Turbulence ,1997,4.7
Karey Kirkpatrick,107,Comedy|Drama|Family|Fantasy,Imagine That ,2009,5.6
James Bobin,119,Adventure|Comedy|Crime|Family|Musical,Muppets Most Wanted ,2014,6.4
Jonathan Frakes,95,Action|Adventure|Comedy|Family|Sci-Fi,Thunderbirds ,2004,4.2
Steve Antin,119,Drama|Music|Musical|Romance,Burlesque ,2010,6.4
Jean-Pierre Jeunet,133,Drama|Mystery|Romance|War,A Very Long Engagement ,2004,7.7
Stanley Kubrick,152,Crime|Drama|Romance,Lolita ,1962,7.7
Jim Gillespie,96,Crime|Horror|Mystery|Thriller,Eye See You ,2002,5.3
Guillermo del Toro,117,Action|Horror|Sci-Fi|Thriller,Blade II ,2002,6.7
Gabriele Muccino,123,Drama|Romance,Seven Pounds ,2008,7.7
Walter Hill,92,Action|Thriller,Bullet to the Head ,2012,5.7
Francis Ford Coppola,170,Crime|Drama,The Godfather: Part III ,1990,7.6
Cameron Crowe,123,Comedy|Drama|Romance,Elizabethtown ,2005,6.4
Anthony Russo,110,Comedy|Romance,"You, Me and Dupree ",2006,5.6
Richard Lester,116,Action|Adventure|Romance|Sci-Fi,Superman II ,1980,6.8
Martin Brest,121,Comedy|Crime|Romance,Gigli ,2003,2.4
Steven Zaillian,128,Drama|Thriller,All the King's Men ,2006,6.2
John Singleton,99,Action|Crime|Thriller,Shaft ,2000,5.9
Don Bluth,94,Adventure|Animation|Drama|Family|Fantasy|Musical|Mystery|Romance,Anastasia ,1997,7.1
Baz Luhrmann,127,Drama|Musical|Romance,Moulin Rouge! ,2001,7.6
Harold Becker,89,Crime|Mystery|Thriller,Domestic Disturbance ,2001,5.5
Scott Cooper,123,Biography|Crime|Drama,Black Mass ,2015,7.0
Clint Eastwood,135,Drama|History|War,Flags of Our Fathers ,2006,7.1
F. Gary Gray,118,Crime|Drama|Thriller,Law Abiding Citizen ,2009,7.4
Robert Rodriguez,189,Action|Horror|Thriller,Grindhouse ,2007,7.6
Jonathan Demme,172,Drama|History|Horror,Beloved ,1998,5.9
Curtis Hanson,124,Drama|Romance|Sport,Lucky You ,2007,5.9
Steven Spielberg,141,Biography|Crime|Drama,Catch Me If You Can ,2002,8.0
Kathryn Bigelow,157,Drama|History|Thriller,Zero Dark Thirty ,2012,7.4
Peyton Reed,106,Comedy|Drama|Romance,The Break-Up ,2006,5.8
Phyllida Lloyd,108,Comedy|Family|Musical|Romance,Mamma Mia! ,2008,6.3
Garry Marshall,125,Comedy|Romance,Valentine's Day ,2010,5.7
Jay Chandrasekhar,107,Action|Adventure|Comedy,The Dukes of Hazzard ,2005,5.1
Terrence Malick,215,Drama|War,The Thin Red Line ,1998,7.6
David Dobkin,118,Comedy|Fantasy,The Change-Up ,2011,6.4
Milos Forman,118,Biography|Comedy|Drama,Man on the Moon ,1999,7.4
Martin Scorsese,178,Biography|Crime|Drama,Casino ,1995,8.2
Pierre Morel,92,Action|Thriller,From Paris with Love ,2010,6.5
Paul Hunter,104,Action|Comedy|Fantasy,Bulletproof Monk ,2003,5.5
Bobby Farrelly,116,Comedy,"Me, Myself & Irene ",2000,6.5
Steve Oedekerk,90,Animation|Comedy|Family,Barnyard ,2006,5.6
John Whitesell,93,Comedy|Family,Deck the Halls ,2006,4.9
Chris Weitz,130,Adventure|Drama|Fantasy|Romance,The Twilight Saga: New Moon ,2009,4.6
Andrew Adamson,90,Adventure|Animation|Comedy|Family|Fantasy,Shrek ,2001,7.9
George Nolfi,106,Romance|Sci-Fi|Thriller,The Adjustment Bureau ,2011,7.1
Kevin Reynolds,155,Action|Adventure|Drama|Romance,Robin Hood: Prince of Thieves ,1991,6.9
Cameron Crowe,139,Comedy|Drama|Romance|Sport,Jerry Maguire ,1996,7.3
Seth MacFarlane,112,Comedy|Fantasy,Ted ,2012,7.0
James L. Brooks,139,Comedy|Drama|Romance,As Good as It Gets ,1997,7.7
Tom Shadyac,115,Biography|Comedy|Drama|Romance,Patch Adams ,1998,6.7
Adam McKay,143,Comedy,Anchorman 2: The Legend Continues ,2013,6.3
Steven Brill,96,Comedy|Romance,Mr. Deeds ,2002,5.8
J.J. Abrams,112,Mystery|Sci-Fi|Thriller,Super 8 ,2011,7.1
Steven Soderbergh,131,Biography|Drama,Erin Brockovich ,2000,7.3
Donald Petrie,116,Comedy|Romance,How to Lose a Guy in 10 Days ,2003,6.4
Phil Lord,112,Action|Comedy|Crime,22 Jump Street ,2014,7.1
Neil Jordan,123,Drama|Fantasy|Horror,Interview with the Vampire: The Vampire Chronicles ,1994,7.6
Peyton Reed,104,Comedy|Romance,Yes Man ,2008,6.8
Rawson Marshall Thurber,107,Action|Comedy|Crime,Central Intelligence ,2016,6.6
Chris Columbus,124,Comedy|Drama,Stepmom ,1998,6.7
Sean Anders,96,Comedy|Family,Daddy's Home ,2015,6.1
Rob Marshall,125,Adventure|Comedy|Drama|Fantasy|Musical,Into the Woods ,2014,6.0
Spike Lee,129,Crime|Drama|Mystery|Thriller,Inside Man ,2006,7.6
Brian Helgeland,90,Action|Crime|Drama|Thriller,Payback ,1999,7.1
Frank Marshall,109,Action|Adventure|Mystery|Sci-Fi,Congo ,1995,5.0
Cameron Crowe,124,Comedy|Drama|Family,We Bought a Zoo ,2011,7.1
Alex Proyas,121,Drama|Mystery|Sci-Fi|Thriller,Knowing ,2009,6.2
Tom Dey,95,Comedy|Romance,Failure to Launch ,2006,5.6
Hideo Nakata,128,Horror|Mystery,The Ring Two ,2005,5.4
Glenn Ficarra,118,Comedy|Drama|Romance,"Crazy, Stupid, Love. ",2011,7.4
Peter Hewitt,80,Animation|Comedy|Family|Fantasy,Garfield ,2004,5.0
Joe Roth,99,Comedy|Family,Christmas with the Kranks ,2004,5.2
Bennett Miller,133,Biography|Drama|Sport,Moneyball ,2011,7.6
Wolfgang Petersen,127,Action|Drama|Thriller,Outbreak ,1995,6.6
Jaume Collet-Serra,106,Action|Mystery|Thriller,Non-Stop ,2014,7.0
Andy Fickman,98,Action|Adventure|Family|Fantasy|Sci-Fi|Thriller,Race to Witch Mountain ,2009,5.7
James McTeigue,132,Action|Drama|Thriller,V for Vendetta ,2005,8.2
David Dobkin,114,Action|Adventure|Comedy,Shanghai Knights ,2003,6.2
,45,Crime|Drama,Unforgotten             ,,7.9
Matthew O'Callaghan,78,Adventure|Animation|Comedy|Family,Curious George ,2006,6.6
Angela Robinson,101,Adventure|Comedy|Family|Fantasy|Romance|Sport,Herbie Fully Loaded ,2005,4.7
Gary Fleder,113,Crime|Drama|Mystery|Thriller,Don't Say a Word ,2001,6.3
Tommy Wirkola,98,Action|Fantasy|Horror,Hansel & Gretel: Witch Hunters ,2013,6.1
Adrian Lyne,124,Drama|Thriller,Unfaithful ,2002,6.7
D.J. Caruso,109,Action|Adventure|Sci-Fi|Thriller,I Am Number Four ,2011,6.1
Stephen Gaghan,128,Drama|Thriller,Syriana ,2005,7.0
Michael Bay,144,Action|Drama|Thriller|War,13 Hours ,2016,7.4
Jorge R. Gutiérrez,95,Adventure|Animation|Comedy|Family|Fantasy|Romance,The Book of Life ,2014,7.3
Richard Loncraine,105,Crime|Thriller,Firewall ,2006,5.8
Clint Eastwood,121,Action|Crime|Drama|Thriller,Absolute Power ,1997,6.7
Ridley Scott,125,Action|Drama|War,G.I. Jane ,1997,5.8
David Fincher,129,Drama|Mystery|Thriller,The Game ,1997,7.8
Christophe Gans,132,Adventure|Horror|Mystery,Silent Hill ,2006,6.6
Howard Deutch,118,Comedy|Sport,The Replacements ,2000,6.5
Jon Hurwitz,113,Comedy,American Reunion ,2012,6.7
F. Gary Gray,140,Action|Crime|Drama|Mystery|Thriller,The Negotiator ,1998,7.3
Steven Quale,89,Action|Thriller,Into the Storm ,2014,5.8
John Landis,104,Action|Comedy|Crime|Thriller,Beverly Hills Cop III ,1994,5.5
Joe Dante,106,Comedy|Fantasy|Horror,Gremlins 2: The New Batch ,1990,6.3
David Dobkin,141,Crime|Drama,The Judge ,2014,7.4
Mimi Leder,124,Action|Thriller,The Peacemaker ,1997,5.9
Alexander Witt,98,Action|Horror|Sci-Fi|Thriller,Resident Evil: Apocalypse ,2004,6.2
Beeban Kidron,108,Comedy|Drama|Romance,Bridget Jones: The Edge of Reason ,2004,5.9
Carl Franklin,114,Crime|Drama|Romance|Thriller,Out of Time ,2003,6.5
Steven Seagal,101,Action|Adventure|Thriller,On Deadly Ground ,1994,4.4
Robert Rodriguez,93,Action|Adventure|Family|Fantasy,The Adventures of Sharkboy and Lavagirl 3-D ,2005,3.5
Danny Boyle,119,Adventure|Drama|Thriller,The Beach ,2000,6.6
Garry Marshall,119,Comedy|Drama|Romance,Raising Helen ,2004,6.0
James McTeigue,99,Action|Crime|Thriller,Ninja Assassin ,2009,6.4
Sam Raimi,137,Drama|Romance|Sport,For Love of the Game ,1999,6.5
,105,Crime|Drama|Mystery,A Touch of Frost             ,,7.8
Andrew Bergman,117,Comedy|Crime|Drama|Thriller,Striptease ,1996,4.3
Tom Dey,87,Comedy|Family,Marmaduke ,2010,4.2
Clint Eastwood,129,Drama|Fantasy,Hereafter ,2010,6.5
Barbet Schroeder,115,Crime|Mystery|Thriller,Murder by Numbers ,2002,6.1
Richard Donner,132,Action|Crime|Thriller,Assassins ,1995,6.3
